id,名称,住所,方書,電話番号,回収形態,利用可能曜日,開始時間,終了時間,利用可能時間特記事項,事前連絡,備考,対象品目
1,株式会社古山商店,札幌市中央区大通東9丁目1,なし,011-231-5500,古紙回収協力店,月火水木金土,8:00,17:00,日曜、祝日、8/13～8/16、12/31～1/4は利用不可。,不要,なし,古紙・リターナブルびん
2,社会福祉総合センター,札幌市中央区大通西19丁目,なし,なし,古紙回収ボックス,月火水木金土日,9:00,20:00,12/29～1/4は利用不可,不要,なし,古紙・リターナブルびん
3,千葉みさを商店,札幌市中央区北2条西20丁目1-8,なし,011-613-9006,古紙回収協力店,月火水木金土日,7:00,19:00,なし,不要,なし,古紙・リターナブルびん
4,北4条通り沿い　北向き,札幌市中央区北3条東5丁目5,なし,なし,エコボックス,月火水木金土日,8:00,18:00,なし,不要,なし,古紙・リターナブルびん
5,個人住宅駐車場前,札幌市中央区北4条東4丁目3,なし,なし,エコボックス,月火水木金土日,8:00,18:00,なし,不要,なし,古紙・リターナブルびん
6,東北会館倉庫前,札幌市中央区北4条東4丁目5,なし,なし,エコボックス,月火水木金土日,8:00,18:00,なし,不要,なし,古紙・リターナブルびん
7,コアレックス道栄株式会社,札幌市中央区北4条西15丁目,コアレックスビル,011-633-2323,古紙回収協力店,月火水木金土,9:00,17:00,土曜の利用時間は9:00～12:00。日曜、祝日、8/13～8/16、12/31～1/4は利用不可。,不要,なし,古紙・リターナブルびん
8,読売センター札幌中央,札幌市中央区北7条西9丁目2-11,なし,011-738-9777,古紙回収協力店,月火水木金土,10:00,16:00,日曜、祝日は利用不可。,必要,なし,古紙・リターナブルびん
9,読売センター桑園宮の森,札幌市中央区北7条西19丁目38-74,野村ビル1階,011-641-0406,古紙回収協力店,月火水木金土,10:00,17:00,日曜は利用不可。,必要,なし,古紙・リターナブルびん
10,株式会社稲葉札幌支店,札幌市中央区北9条西18丁目36-73,なし,011-621-0534,古紙回収協力店,月火水木金土,8:30,17:00,日曜、祝日は利用不可。,必要,なし,古紙・リターナブルびん
11,竹井商店,札幌市中央区北10条西19丁目35,なし,011-631-0753,古紙回収協力店,月火水木金土日,10:00,16:30,1月1日～1月5日は利用不可。,必要,なし,古紙・リターナブルびん
12,ペーパーショップサクマ,札幌市中央区南1条東4丁目7,なし,011-210-8401,古紙回収協力店,月火水木金土,10:00,19:00,土曜の利用時間は10:00～17:00。日曜、祝日、8/11～8/15、12/30～1/6は利用不可。,不要,なし,古紙・リターナブルびん
13,中央区民センター,札幌市中央区南2条西10丁目,裏口入口右手奥,なし,古紙回収ボックス,月火水木金土日,8:45,17:15,12/29～1/3は利用不可,不要,なし,古紙・リターナブルびん
14,読売センター円山,札幌市中央区南6条西21丁目2-17,なし,011-532-9311,古紙回収協力店,月火水木金土,9:00,20:00,祝日の利用時間は9:00～12:00。日曜、祝日の午後は利用不可。,必要,なし,古紙・リターナブルびん
15,ラルズマート啓明店,札幌市中央区南11条西21丁目4-21,なし,なし,ダンボール回収協力店,店舗の営業日,なし,なし,店舗の営業時間内で利用可能。,不要,なし,古紙・リターナブルびん
16,ラルズマート山鼻店,札幌市中央区南12条西11丁目2-10,なし,なし,ダンボール回収協力店,店舗の営業日,なし,なし,店舗の営業時間内で利用可能。,不要,なし,古紙・リターナブルびん
17,読売センター幌西,札幌市中央区南14条西13丁目2-32,なし,011-561-5551,古紙回収協力店,月火水木金土,10:00,17:00,日曜、祝日は利用不可。,必要,なし,古紙・リターナブルびん
18,ラルズマート16条店,札幌市中央区南16条西8丁目2-15,なし,なし,ダンボール回収協力店,店舗の営業日,なし,なし,店舗の営業時間内で利用可能。,不要,サービスカウンターに持ち込み,古紙・リターナブルびん
19,読売センター山鼻,札幌市中央区南18条西9丁目2-5,なし,011-511-3102,古紙回収協力店,月火水木金土日,9:00,20:00,日曜、祝日の利用時間は09:00～12:00。日曜、祝日の午後は利用不可,必要,なし,古紙・リターナブルびん
20,コープさっぽろあいの里店,札幌市北区あいの里1条5丁目2,なし,011-778-8247,古紙回収協力店,月火水木金土日,10:00,20:00,なし,不要,なし,古紙・リターナブルびん
21,東光ストアあいの里店,札幌市北区あいの里1条5丁目2-3,なし,なし,ダンボール回収協力店,店舗の営業日,なし,なし,店舗の営業時間内で利用可能。,不要,なし,古紙・リターナブルびん
22,拓北・あいの里地区センター,札幌市北区あいの里1条6丁目,なし,なし,古紙回収ボックス,月火水木金土日,9:00,20:00,17:00以降は事務室に立ち寄り。12/29～1/3は利用不可。,不要,なし,古紙・リターナブルびん
23,北海道エネルキ゛ー株式会社トップロードあいの里ステーション,札幌市北区あいの里2条1丁目20-3,なし,011-774-7544,古紙回収協力店,月火水木金土日,7:30,22:00,なし,不要,なし,古紙・リターナブルびん
24,北地区リサイクルセンター,札幌市北区あいの里2条6丁目1-10,廃棄物空気輸送センター内,011-211-2928,地区リサイクルセンター,火水木金土日,10:00,16:00,月曜が祝日の場合は開館し、翌平日が休館日。12/31～1/3は利用不可。,不要,電話はごみ減量推進担当課。,古紙・リターナブルびん
25,北区役所,札幌市北区北24条西6丁目,北区民センター向い側（裏口）,なし,古紙回収ボックス,月火水木金土日,8:45,17:15,12/29～1/3は利用不可。,不要,なし,古紙・リターナブルびん
26,スーパーアークス北24条店,札幌市北区北24条西9丁目1-1,なし,011-708-0333,古紙回収協力店,月火水木金土日,10:00,22:00,日曜の利用時間は9:00～22:00。,不要,なし,古紙・リターナブルびん
27,新陽会館,札幌市北区北26条西15丁目4-8,なし,なし,エコボックス,月火水木金土日,9:00,19:00,祝日、お盆、正月は利用不可。,不要,なし,古紙・リターナブルびん
28,ヴェルビュ麻生,札幌市北区北35条西7丁目1-20,なし,なし,エコボックス,月火水木金土日,7:00,18:00,なし,不要,なし,古紙・リターナブルびん
29,パストラルハイム麻生2番館,札幌市北区北37条西8丁目2-30,なし,なし,エコボックス,月火水木金土日,9:00,16:30,土曜、日曜の利用時間は09:00～12:00。祝日、12/31～1/3は利用不可。,不要,なし,古紙・リターナブルびん
30,ラッキー篠路店,札幌市北区篠路3条4丁目1  ,なし,011-772-7111,古紙回収協力店,月火水木金土日,10:00,19:00,なし,不要,なし,古紙・リターナブルびん
31,篠路コミュニティセンター,札幌市北区篠路3条8丁目 ,正面入り口左手,なし,古紙回収ボックス,月火水木金土日,9:00,17:00,12/29～1/3は利用不可。,不要,なし,古紙・リターナブルびん
32,スーパーアークス　ノース,札幌市北区篠路3条9丁目2-15,なし,なし,ダンボール回収協力店,店舗の営業日,なし,なし,店舗の営業時間内で利用可能。,不要,なし,古紙・リターナブルびん
33,八王子商会,札幌市北区篠路7条3丁目3-3,なし,011-772-5699,古紙回収協力店,月火水木金土,8:30,17:00,日曜、12/31～1/3は利用不可。,不要,なし,古紙・リターナブルびん
34,ヤマヨ小林商店,札幌市北区篠路町拓北31-114,なし,011-772-6402,古紙回収協力店,月火水木金土,8:00,17:00,日曜、祝日は利用不可。,不要,なし,古紙・リターナブルびん
35,北海紙管株式会社新川営業所,札幌市北区新川1条6丁目2-31,なし,011-763-3101,古紙回収協力店,月火水木金土日,6:30,18:30,なし,不要,なし,古紙・リターナブルびん
36,紙商事金藤商店,札幌市北区新川4条15丁目3-20,なし,090-8707-1061,古紙回収協力店,月火水木金土日,8:00,20:00,なし,必要,なし,古紙・リターナブルびん
37,北昭興業株式会社新川営業所,札幌市北区新川4条20丁目1-9,なし,011-769-3000,古紙回収協力店,月火水木金土日,8:00,18:00,1/1は利用不可。,必要,なし,古紙・リターナブルびん
38,株式会社エクセル商事,札幌市北区新琴似4条2丁目1-3,なし,011-374-1147,古紙回収協力店,月火水木金土日,9:00,17:00,8/14～8/16、12/31～1/3は利用不可。,必要,なし,古紙・リターナブルびん
39,ラッキー新琴似四番通店,札幌市北区新琴似8条10丁目1-22,なし,011-769-7777,古紙回収協力店,月火水木金土日,10:00,19:00,なし,不要,なし,古紙・リターナブルびん
40,榎本商店,札幌市北区新琴似10条7丁目4-12,なし,011-762-5177,古紙回収協力店,月火水木金土日,8:00,18:00,なし,必要,なし,古紙・リターナブルびん
41,前鼻商店,札幌市北区新琴似11条11丁目2-21,なし,011-762-0076,古紙回収協力店,月火水木金土,15:00,17:00,日曜は利用不可。,不要,なし,古紙・リターナブルびん
42,コウワ商会,札幌市北区新琴似795-19,なし,011-762-5277,古紙回収協力店,月水木金土日,8:00,17:00,火曜日、8/15～8/16、12/31～1/5は利用不可。,必要,なし,古紙・リターナブルびん
43,ビッグハウス太平店,札幌市北区太平4条1丁目3-1,なし,なし,ダンボール回収協力店,店舗の営業日,なし,なし,店舗の営業時間内で利用可能。,不要,なし,古紙・リターナブルびん
44,岡田商店,札幌市北区太平9条2丁目1-31,なし,011-771-6435,古紙回収協力店,月火水木金土日,なし,なし,終日利用可能。,不要,なし,古紙・リターナブルびん
45,屯田地区センター,札幌市北区屯田5条6丁目,駐車場奥,なし,古紙回収ボックス,月火水木金土日,9:00,20:00,17:00以降は事務室に立ち寄り。12/29～1/3は利用不可。,不要,なし,古紙・リターナブルびん
46,株式会社発新産業,札幌市北区屯田6条5丁目8-17,なし,011-772-5448,古紙回収協力店,月火水木金土,9:00,17:00,日曜、祝日は利用不可。,必要,なし,古紙・リターナブルびん
47,グリーンコート新川2棟,札幌市北区新川3条13丁目3-30,なし,なし,エコボックス,月火水木金土日,8:00,18:00,12/31～1/3は利用不可。,不要,なし,古紙・リターナブルびん
48,ビッグハウス新川店,札幌市北区新川6条14丁目1-1,なし,なし,ダンボール回収協力店,店舗の営業日,なし,なし,店舗の営業時間内で利用可能。,不要,なし,古紙・リターナブルびん
49,スーパーアークスエクスプレス,札幌市北区新川西1条4丁目1-1,なし,なし,ダンボール回収協力店,店舗の営業日,なし,なし,店舗の営業時間内で利用可能。,不要,なし,古紙・リターナブルびん
50,有限会社ミナミ商会（エコ・パレット丘珠）,札幌市東区丘珠町694-3,なし,011-788-1212,古紙回収協力店,月火水木金土日,9:00,18:00,なし,必要,なし,古紙・リターナブルびん
51,イトーヨーカドー　アリオ札幌店,札幌市東区北7条東9丁目2-20,なし,なし,ダンボール回収協力店,店舗の営業日,なし,なし,店舗の営業時間内で利用可能。,不要,なし,古紙・リターナブルびん
52,スーパーアークス　苗穂店,札幌市東区北7条東18丁目2-10,なし,なし,ダンボール回収協力店,店舗の営業日,なし,なし,店舗の営業時間内で利用可能。,不要,なし,古紙・リターナブルびん
53,東区役所,札幌市東区北11条東7丁目,建物の南西角（札幌駅方面）,なし,古紙回収ボックス,月火水木金土日,8:45,17:15,12/29～1/3は利用不可。,不要,なし,古紙・リターナブルびん
54,スーパーアークス　光星店,札幌市東区北14条東3丁目1-30,なし,なし,ダンボール回収協力店,店舗の営業日,なし,なし,店舗の営業時間内で利用可能。,不要,なし,古紙・リターナブルびん
55,足立金物店,札幌市東区北19条東1丁目1-24,足立ビル1階  ,011-741-0070,古紙回収協力店,月火水木金土,9:00,17:00,日曜は利用不可。,必要,なし,古紙・リターナブルびん
56,"アーヴァンエコシス株式会社
 （無料引取ドットコム）",札幌市東区北28条東21丁目2-13,なし,011-788-8888,古紙回収協力店,月火水木金土日,10:00,18:00,12/31～1/3は利用不可。,不要,なし,古紙・リターナブルびん
57,市営住宅北栄団地,札幌市東区北32条東2丁目1-31,なし,なし,エコボックス,月火水木金土日,9:00,18:00,12/31～1/3は利用不可。,不要,なし,古紙・リターナブルびん
58,元栄町内会コミュニティガーデン,札幌市東区北33条東13丁目3,なし,なし,エコボックス,月火水木金土日,9:00,17:00,12/30～1/3は利用不可。,不要,なし,古紙・リターナブルびん
59,有限会社東豊商会,札幌市東区北35条東15丁目1-5,なし,011-752-9713,古紙回収協力店,月火水木金土日,8:00,19:00,なし,不要,なし,古紙・リターナブルびん
60,ラルズマート北35条店,札幌市東区北35条東4丁目1-1,なし,なし,ダンボール回収協力店,店舗の営業日,なし,なし,店舗の営業時間内で利用可能。,不要,なし,古紙・リターナブルびん
61,有限会社東原商店,札幌市東区北36条東29丁目6-5,なし,011-781-9653,古紙回収協力店,月火水木金土,9:00,17:00,日曜、祝日、12/31～1/3は利用不可。,必要,なし,古紙・リターナブルびん
62,有限会社朝日商会,札幌市東区北37条東19丁目1-23,なし,011-781-9455,古紙回収協力店,月水木金土日,9:00,16:00,火曜、8/14～8/16、12/31～1/6は利用不可。,不要,なし,古紙・リターナブルびん
63,ワークス翔,札幌市東区北42条東18丁目3-1,なし,011-776-7158,古紙回収協力店,月火水木金,9:00,17:00,土曜、日曜、祝日は利用不可。,必要,なし,古紙・リターナブルびん
64,有限会社橋辺商店,札幌市東区北46条東8丁目6-22,なし,011-731-8010,古紙回収協力店,月火水木金土,8:00,17:00,日曜は利用不可。,必要,なし,古紙・リターナブルびん
65,ホクレンショップ49条店,札幌市東区北49条東15丁目723-1,なし,なし,ダンボール回収協力店,店舗の営業日,なし,なし,店舗の営業時間内で利用可能。,不要,なし,古紙・リターナブルびん
66,栗原紙材株式会社,札幌市東区北丘珠4条3丁目8-5,なし,011-785-1110,古紙回収協力店,月火水木金土日,8:00,17:00,12/31～1/5は利用不可。,必要,なし,古紙・リターナブルびん
67,株式会社リサイクルエスピー札幌事業所,札幌市東区北丘珠4条3丁目8-7,なし,011-783-2432,古紙回収協力店,月火水木金土日,8:00,17:00,12/29～1/4は利用不可,必要,なし,古紙・リターナブルびん
68,北海道資源商事株式会社,札幌市東区苗穂町3丁目3-47,なし,011-741-1063,古紙回収協力店,月火水木金土日,7:00,17:00,なし,必要,なし,古紙・リターナブルびん
69,山田商店,札幌市東区中沼1条2丁目6-10,なし,011-791-6509,古紙回収協力店,月火水木金土日,8:00,17:00,なし,必要,なし,古紙・リターナブルびん
70,三協興産株式会社,札幌市東区中沼町15-88,なし,011-790-2588,古紙回収協力店,月火水木金土,9:00,17:00,日曜、祝日、第2土曜、お盆、年末年始は利用不可。,必要,なし,古紙・リターナブルびん
71,中沼西会館,札幌市東区中沼西3条1丁目1-15,なし,なし,エコボックス,月火水木金土日,10:00,17:00,12/29～1/3は利用不可。,不要,なし,古紙・リターナブルびん
72,株式会社鈴木商会札幌東事業所,札幌市東区東雁来町262,なし,011-875-3540 ,古紙回収協力店,月火水木金土,8:30,17:30,日曜、祝日、1～3月の土曜、8/14～8/15、12/29～12/31は利用不可,不要,なし,古紙・リターナブルびん
73,紙商サッポロ近石商店,札幌市東区東雁来町356-48,なし,011-299-5750,古紙回収協力店,月火水木金土,8:00,17:00,日曜、祝日は利用不可。,必要,なし,古紙・リターナブルびん
74,北昭興業株式会社札幌事業所,札幌市東区東雁来町394,なし,011-791-5051,古紙回収協力店,月火水木金土日,8:00,18:00,1/1は利用不可。,不要,なし,古紙・リターナブルびん
75,株式会社こんの札幌営業所,札幌市東区東雁来6条2丁目3-45,なし,011-784-6130,古紙回収協力店,月火水木金土日,8:30,17:30,1/1～1/3は利用不可。,不要,なし,古紙・リターナブルびん
76,ホクレンショップフードファーム　東苗穂店,札幌市東区東苗穂8条1丁目18-1,なし,なし,ダンボール回収協力店,店舗の営業日,なし,なし,店舗の営業時間内で利用可能。,不要,なし,古紙・リターナブルびん
77,小沢商店,札幌市東区東苗穂12条3丁目3-25,なし,011-791-0219,古紙回収協力店,月火水木金土日,8:00,17:00,1/1～1/3は利用不可。,必要,なし,古紙・リターナブルびん
78,ラルズマート伏古店,札幌市東区伏古6条3丁目4-1 ,なし,なし,ダンボール回収協力店,店舗の営業日,なし,なし,店舗の営業時間内で利用可能。,不要,なし,古紙・リターナブルびん
79,市営住宅丘珠団地,札幌市東区伏古14条3丁目12-3,なし,なし,エコボックス,月火水木金土日,9:00,18:00,なし,不要,なし,古紙・リターナブルびん
80,田口商店,札幌市白石区川北2252,なし,011-872-7004 ,古紙回収協力店,月火水木金土日,8:00,18:00,1/1～1/3は利用不可。,必要,なし,古紙・リターナブルびん
81,かつみや芦田商店,札幌市白石区川北2276-156,なし,080-3262-5524,古紙回収協力店,月火水木金土日,8:00,17:00,なし,必要,なし,古紙・リターナブルびん
82,ラルズマート　新ほくと店,札幌市白石区川下4条1丁目1-1,なし,なし,ダンボール回収協力店,店舗の営業日,なし,なし,店舗の営業時間内で利用可能。,不要,なし,古紙・リターナブルびん
83,スーパーアークス　菊水店,札幌市白石区菊水3条5丁目2-25,なし,011-837-5757,古紙回収協力店,月火水木金土日,9:00,22:00,なし,必要,なし,古紙・リターナブルびん
84,藤田商店,札幌市白石区菊水9条1丁目2-32,なし,011-822-2547,古紙回収協力店,月火水木金土日,13:00,17:00,1/1～1/3は利用不可。,必要,なし,古紙・リターナブルびん
85,北海紙管株式会社菊水営業所,札幌市白石区菊水上町1条4丁目202-11,なし,011-841-4660,古紙回収協力店,月火水木金土日,7:30,18:30,なし,必要,なし,古紙・リターナブルびん
86,読売センター水穂,札幌市白石区菊水上町2条2丁目52-231,なし,011-299-9301,古紙回収協力店,月火水木金土,8:00,12:00,日曜、祝日は利用不可。,不要,なし,古紙・リターナブルびん
87,市営住宅菊水上町団地,札幌市白石区菊水上町4条1丁目135,なし,なし,エコボックス,月火水木金土日,9:00,17:00,祝日、お盆、年末年始は利用不可。,不要,なし,古紙・リターナブルびん
88,読売センター菊水元町,札幌市白石区菊水元町2条2丁目3-5,なし,011-874-3035,古紙回収協力店,月火水木金土,10:00,17:00,日曜、祝日は利用不可。,必要,なし,古紙・リターナブルびん
89,エコブル合同会社,札幌市白石区菊水元町3条1丁目1,なし,0133-27-6071,古紙回収協力店,月火水木金,9:00,17:00,土曜、日曜は利用不可。,必要,なし,古紙・リターナブルびん
90,ラッキー菊水元町店,札幌市白石区菊水元町3条2丁目2,なし,なし,ダンボール回収協力店,店舗の営業日,なし,なし,店舗の営業時間内で利用可能。,不要,なし,古紙・リターナブルびん
91,有限会社リサイクルサービス,札幌市白石区菊水元町5条3丁目2-11,なし,011-879-3300,古紙回収協力店,月木金土日,10:30,19:30,火曜、水曜は利用不可。,不要,なし,古紙・リターナブルびん
92,有限会社ひがしリサイクルサービス,札幌市白石区北郷2357,なし,011-873-7770,古紙回収協力店,月火水木金土,9:00,17:00,日曜（事前連絡あれば可）、12/30～1/4は利用不可。,必要,なし,古紙・リターナブルびん
93,北郷会館,札幌市白石区北郷3条3丁目8-1,なし,なし,エコボックス,月火水木金土日,9:00,17:00,土曜、日曜の利用時間は09:00～12:00。祝日、年末年始は利用不可。,不要,なし,古紙・リターナブルびん
94,株式会社三洋産業,札幌市白石区北郷4条6丁目5-1  ,なし,011-827-8383,古紙回収協力店,月火水木金土,9:00,17:00,日曜、祝日は利用不可。,必要,なし,古紙・リターナブルびん
95,読売センター北郷,札幌市白石区北郷5条8丁目10-18,なし,011-872-3488,古紙回収協力店,月火水木金土,9:00,20:00,日曜は利用不可。,必要,なし,古紙・リターナブルびん
96,北海道エネルギー株式会社　トップロード栄通ステーション,札幌市白石区栄通14丁目1-3,なし,011-852-3133,古紙回収協力店,月火水木金土日,7:30,21:00,日曜、祝日の利用時間は08:00～20:00。,不要,なし,古紙・リターナブルびん
97,コープさっぽろ　ルーシー店,札幌市白石区栄通18丁目5-35  ,なし,011-854-4811,古紙回収協力店,月火水木金土日,10:00,20:00,なし,不要,なし,古紙・リターナブルびん
98,株式会社明石商店,札幌市白石区中央1条5丁目1-15,なし,011-822-8199,古紙回収協力店,月火水木金土,9:00,18:00,日曜、1/1～1/3は利用不可。,不要,なし,古紙・リターナブルびん
99,株式会社サクマ運輸倉庫,札幌市白石区中央2条2丁目1-12,なし,011-842-0022,古紙回収協力店,月火水木金,9:00,17:00,土曜、日曜、祝日は利用不可。,不要,なし,古紙・リターナブルびん
100,株式会社藤川紙業札幌支店,札幌市白石区中央2条4丁目5-25,なし,011-811-9538,古紙回収協力店,月火水木金土日,8:00,17:30,1/1～1/4は利用不可。,必要,なし,古紙・リターナブルびん
101,株式会社古山商店,札幌市白石区中央2条5丁目15-26,なし,011-861-3458,古紙回収協力店,月火水木金,9:00,17:00,土曜、日曜、祝日、8/13～8/16、12/29～1/4は利用不可。,不要,なし,古紙・リターナブルびん
102,白石ガーデンプレイス（白石区複合庁舎隣）,札幌市白石区南郷通1丁目南,契約車・荷捌・車椅子駐車場左手奥,なし,古紙回収ボックス,月火水木金土日,8:45,17:15,12/29～1/3は利用不可。,不要,なし,古紙・リターナブルびん
103,読売センター東札幌,札幌市白石区東札幌1条4丁目2-6,信和ビル1階,011-817-3131,古紙回収協力店,月火水木金土,10:00,17:00,日曜、祝日は利用不可。,必要,なし,古紙・リターナブルびん
104,大川商店,札幌市白石区東札幌5条2丁目3-4,なし,011-813-3645,古紙回収協力店,月火水木金土日,なし,なし,終日利用可。,必要,なし,古紙・リターナブルびん
105,株式会社マテック札幌支店,札幌市白石区東米里2032-12  ,なし,011-873-0808,古紙回収協力店,月火水木金土,8:00,17:00,日曜、祝日、お盆、正月は利用不可。,必要,なし,古紙・リターナブルびん
106,ビッグハウス　白石店,札幌市白石区平和通3丁目北1-1,なし,なし,ダンボール回収協力店,店舗の営業日,なし,なし,店舗の営業時間内で利用可能。,不要,なし,古紙・リターナブルびん
107,旭町内会館,札幌市白石区平和通10丁目北4-15,なし,なし,エコボックス,月火水木金土日,9:00,17:00,祝日、お盆、年末年始は利用不可。,不要,なし,古紙・リターナブルびん
108,株式会社丸升増田本店札幌平和通支店,札幌市白石区平和通11丁目北60,なし,011-864-0311,古紙回収協力店,月火水木金土日,8:30,17:00,12/31～1/4は利用不可。,不要,なし,古紙・リターナブルびん
109,読売センター白石,札幌市白石区本通5丁目南4-56,なし,011-864-1929 ,古紙回収協力店,月火水木金土,9:00,18:00,日曜、祝日は利用不可。,必要,なし,古紙・リターナブルびん
110,市営住宅本郷団地,札幌市白石区本通10丁目南11,なし,なし,エコボックス,月火水木金土日,9:00,17:00,祝日、お盆、正月は利用不可。,不要,なし,古紙・リターナブルびん
111,ダイイチ　白石神社前店,札幌市白石区本通13丁目北3-39,なし,なし,ダンボール回収協力店,店舗の営業日,なし,なし,店舗の営業時間内で利用可能。,不要,なし,古紙・リターナブルびん
112,白石東地区センター,札幌市白石区本通16丁目南,正面入り口左手駐車場奥,なし,古紙回収ボックス,月火水木金土日,9:00,20:00,17:00以降は事務室に立ち寄り。12/29～1/3は利用不可。,不要,なし,古紙・リターナブルびん
113,株式会社マテックマテックプラザ,札幌市白石区本通20丁目北1-10,なし,011-860-7000,古紙回収協力店,月火水木金土日,8:00,17:00,12～13時、12/30～1/3は利用不可。,不要,なし,古紙・リターナブルびん
114,北海道エネルギー株式会社　トップロード厚別ステーション,札幌市厚別区厚別中央3条2丁目16-1,なし,011-891-2543,古紙回収協力店,月火水木金土日,7:30,21:00,日曜、祝日の利用時間は08:00～20:00。,不要,なし,古紙・リターナブルびん
115,厚別地区リサイクルセンター,札幌市厚別区厚別東3条1丁目1-10,リユースプラザ内,011-211-2928,地区リサイクルセンター,火水木金土日,10:00,16:00,月曜が祝日の場合は開館し、翌平日が休館日。12/31～1/3は利用不可。,不要,電話はごみ減量推進担当課。,古紙・リターナブルびん
116,読売センター厚別東北通,札幌市厚別区厚別西2条4丁目4-15,なし,011-892-6332,古紙回収協力店,月火水木金土,11:00,18:00,日曜、祝日は利用不可。,必要,なし,古紙・リターナブルびん
117,読売センター新さっぽろ,札幌市厚別区厚別南6丁目13-20,なし,011-891-8899,古紙回収協力店,月火水木金土,10:00,15:00,日曜、祝日、年末年始は利用不可。,必要,なし,古紙・リターナブルびん
118,読売センターもみじ台,札幌市厚別区もみじ台東4丁目2-8,なし,011-897-7395,古紙回収協力店,月火水木金土日,9:00,16:30,12/30～1/5は利用不可。,必要,なし,古紙・リターナブルびん
119,ホクノースーパー　もみじ台南店,札幌市厚別区もみじ台南6丁目,なし,なし,ダンボール回収協力店,店舗の営業日,なし,なし,店舗の営業時間内で利用可能。,不要,なし,古紙・リターナブルびん
120,ホクノースーパー　中央店,札幌市厚別区もみじ台北7丁目,なし,なし,ダンボール回収協力店,店舗の営業日,なし,なし,店舗の営業時間内で利用可能。,不要,なし,古紙・リターナブルびん
121,厚別区役所,札幌市厚別区厚別中央1条5丁目,正面入り口右手奥,なし,古紙回収ボックス,月火水木金土日,8:45,17:15,12/29～1/3は利用不可。,不要,なし,古紙・リターナブルびん
122,ホクノースーパー　新札幌店,札幌市厚別区厚別中央1条6丁目,なし,なし,ダンボール回収協力店,店舗の営業日,なし,なし,店舗の営業時間内で利用可能。,不要,なし,古紙・リターナブルびん
123,ビッグハウス　イースト,札幌市厚別区厚別中央2条2丁目2-6,なし,なし,ダンボール回収協力店,店舗の営業日,なし,なし,店舗の営業時間内で利用可能。,不要,なし,古紙・リターナブルびん
124,ホクノースーパー　厚別5条店,札幌市厚別区厚別中央5条6丁目,なし,なし,ダンボール回収協力店,店舗の営業日,なし,なし,店舗の営業時間内で利用可能。,不要,なし,古紙・リターナブルびん
125,ホクノースーパー　厚別東2号店,札幌市厚別区厚別東2条4丁目,なし,なし,ダンボール回収協力店,店舗の営業日,なし,なし,店舗の営業時間内で利用可能。,不要,なし,古紙・リターナブルびん
126,厚別西地区センター,札幌市厚別区厚別西4条4丁目,正面入り口右手駐車場通路右手,なし,古紙回収ボックス,月火水木金土日,9:00,20:00,17:00以降は事務室に立ち寄り。12/29～1/3は利用不可。,不要,なし,古紙・リターナブルびん
127,ホクノースーパー　厚別北店,札幌市厚別区厚別北2条3丁目,なし,なし,ダンボール回収協力店,店舗の営業日,なし,なし,店舗の営業時間内で利用可能。,不要,なし,古紙・リターナブルびん
128,北星学園附属高等学校,札幌市厚別区厚別町下野幌38番地,なし,なし,エコボックス,月火水木金土日,9:00,16:00,12/30～1/3は利用不可。,不要,なし,古紙・リターナブルびん
129,読売センター平岸,札幌市豊平区水車町5丁目1-12,なし,011-831-6593,古紙回収協力店,月火水木金土,12:00,18:00,日曜、祝日は利用不可。,必要,なし,古紙・リターナブルびん
130,月寒公民館 ,札幌市豊平区月寒中央通7丁目8-19,なし,なし,エコボックス,月火水木金土日,10:00,19:00,12/29～1/3は利用不可。,不要,なし,古紙・リターナブルびん
131,読売センター南月寒,札幌市豊平区月寒西1条10丁目3-13,なし,011-851-1939,古紙回収協力店,月火水木金土,10:00,17:00,日曜、祝日は利用不可。,必要,なし,古紙・リターナブルびん
132,市営住宅月寒団地,札幌市豊平区月寒東1条9丁目4-2,なし,なし,エコボックス,月火水木金土日,8:00,18:00,1/1～1/3は利用不可。,不要,なし,古紙・リターナブルびん
133,アールリバイブ株式会社,札幌市豊平区月寒東1条14丁目4-8,なし,011-859-3300,古紙回収協力店,月火水木金土,9:00,17:00,日曜、1/1～1/3は利用不可。,必要,なし,古紙・リターナブルびん
134,メゾンドルチェ月寒東弐番舘,札幌市豊平区月寒東2条18丁目10-20,なし,なし,エコボックス,月火水木金土日,なし,なし,終日利用可。,不要,なし,古紙・リターナブルびん
135,株式会社北日本財経コンサルタント,札幌市豊平区月寒東3条17丁目14-22,なし,011-857-1771,古紙回収協力店,月火水木金,8:30,17:00,土曜、日曜、祝日は利用不可。,必要,なし,古紙・リターナブルびん
136,有限会社ヨコヤマ商店,札幌市豊平区月寒東3条18丁目1-43,なし,011-853-2487,古紙回収協力店,月火水木金土,8:00,18:00,日曜、祝日は利用不可。,必要,なし,古紙・リターナブルびん
137,ぽのぽの工房,札幌市豊平区月寒東3条6丁目6-17,なし,011-598-1945,古紙回収協力店,月火水木金,9:00,17:30,土曜、日曜、祝日は利用不可。,不要,なし,古紙・リターナブルびん
138,スーパーアークス　月寒東店,札幌市豊平区月寒東3条8丁目1-30,なし,なし,ダンボール回収協力店,店舗の営業日,なし,なし,店舗の営業時間内で利用可能。,不要,なし,古紙・リターナブルびん
139,読売センター月寒,札幌市豊平区月寒東4条8丁目5-5,なし,011-853-9798,古紙回収協力店,月火水木金土,10:00,17:00,日曜、祝日は利用不可。,必要,なし,古紙・リターナブルびん
140,道営豊平団地 ,札幌市豊平区豊平6条10丁目2,なし,なし,エコボックス,月火水木金土日,8:00,18:00,12/28～1/7は利用不可。,不要,なし,古紙・リターナブルびん
141,読売センター西岡,札幌市豊平区西岡2条10丁目8-15,なし,011-853-0881,古紙回収協力店,月火水木金土日,10:00,17:00,日曜、祝日の利用時間は09:00～12:00。12/29～1/5は利用不可。,必要,なし,古紙・リターナブルびん
142,ラッキー西岡店,札幌市豊平区西岡3条11丁目3-16,なし,011-583-6031,古紙回収協力店,月火水木金土日,10:00,19:00,なし,不要,サービスカウンターに持ち込み,古紙・リターナブルびん
143,ラルズマート西岡中央店,札幌市豊平区西岡3条9丁目3-1,なし,なし,ダンボール回収協力店,店舗の営業日,なし,なし,店舗の営業時間内で利用可能。,不要,なし,古紙・リターナブルびん
144,ラルズマート西岡店,札幌市豊平区西岡4条1丁目1-20,なし,なし,ダンボール回収協力店,店舗の営業日,なし,なし,店舗の営業時間内で利用可能。,不要,サービスカウンターに持ち込み,古紙・リターナブルびん
145,読売センター澄川合同会社,札幌市豊平区平岸1条20丁目8-23,なし,011-821-6295,古紙回収協力店,月火水木金土日,6:00,20:00,日曜、祝日の利用時間は06:00～11:00。1/1～1/3は利用不可。,不要,なし,古紙・リターナブルびん
146,ビッグハウス　エクストラ,札幌市豊平区平岸1条22丁目2-15,なし,なし,ダンボール回収協力店,店舗の営業日,なし,なし,店舗の営業時間内で利用可能。,不要,なし,古紙・リターナブルびん
147,北海道エネルギー株式会社　トップロード平岸ステーション,札幌市豊平区平岸3条7丁目1,なし,011-821-4659,古紙回収協力店,月火水木金土日,なし,なし,終日利用可。,不要,なし,古紙・リターナブルびん
148,ラルズストア　平岸店,札幌市豊平区平岸5条8丁目1-1,なし,なし,ダンボール回収協力店,店舗の営業日,なし,なし,店舗の営業時間内で利用可能。,不要,なし,古紙・リターナブルびん
149,読売センター美園,札幌市豊平区平岸5条8丁目2-15,なし,011-812-3372,古紙回収協力店,月火水木金土日,10:00,17:00,日曜、祝日の利用時間は10:00～12:00。,不要,なし,古紙・リターナブルびん
150,豊平区民センター,札幌市豊平区平岸6条10丁目,正面入り口左手奥,なし,古紙回収ボックス,月火水木金土日,8:45,17:15,12/29～1/3は利用不可。,不要,なし,古紙・リターナブルびん
151,中谷商店,札幌市豊平区福住2条3丁目6-19,なし,090-1521-1628,古紙回収協力店,月火水木金土日,9:00,17:00,12/31～1/3は利用不可。,必要,なし,古紙・リターナブルびん
152,ラルズマート　美園店,札幌市豊平区美園2条1丁目2-1,なし,なし,ダンボール回収協力店,店舗の営業日,なし,なし,店舗の営業時間内で利用可能。,不要,なし,古紙・リターナブルびん
153,有限会社マルヤマ札幌紙業,札幌市豊平区美園11条5丁目2-26,なし,011-821-6506,古紙回収協力店,月火水木金土日,8:00,18:00,8/15～8/17、12/31～1/5は利用不可,不要,なし,古紙・リターナブルびん
154,ビッグハウス　里塚店,札幌市清田区美しが丘1条7丁目1-1,なし,なし,ダンボール回収協力店,店舗の営業日,なし,なし,店舗の営業時間内で利用可能。,不要,なし,古紙・リターナブルびん
155,フードD　VAlue店,札幌市清田区美しが丘4条6丁目1-1,なし,なし,ダンボール回収協力店,店舗の営業日,なし,なし,店舗の営業時間内で利用可能。,不要,なし,古紙・リターナブルびん
156,スーパーアークス　北野店,札幌市清田区北野3条2丁目13-88,なし,なし,ダンボール回収協力店,店舗の営業日,なし,なし,店舗の営業時間内で利用可能。,不要,なし,古紙・リターナブルびん
157,北野しらかば幼稚園,札幌市清田区北野5条2丁目2-20,なし,なし,エコボックス,月火水木金土日,9:00,16:00,祝日、お盆、年末年始は利用不可。,不要,なし,古紙・リターナブルびん
158,読売センター北野平岡,札幌市清田区北野7条4丁目11-22,なし,011-881-3400,古紙回収協力店,月火水木金土日,10:00,17:00,日曜、祝日の利用時間は10:00～12:00。,必要,なし,古紙・リターナブルびん
159,北海紙管株式会社清田営業所,札幌市清田区清田1条3丁目7-14,なし,011-882-7760,古紙回収協力店,月火水木金土日,8:30,17:30,なし,不要,なし,古紙・リターナブルびん
160,ラッキー　清田店,札幌市清田区清田2条2丁目16-7,なし,なし,ダンボール回収協力店,店舗の営業日,なし,なし,店舗の営業時間内で利用可能。,不要,なし,古紙・リターナブルびん
161,市営住宅清田団地,札幌市清田区清田4条2丁目10,なし,なし,エコボックス,月火水木金土日,9:00,18:00,12/29～1/3は利用不可。,不要,なし,古紙・リターナブルびん
162,読売センター清田,札幌市清田6条1丁目11-4,なし,011-887-5529,古紙回収協力店,月火水木金土,9:00,17:00,日曜、祝日は利用不可。,必要,なし,古紙・リターナブルびん
163,里塚・美しが丘地区センター,札幌市清田区里塚2条5丁目,駐車場奥,なし,古紙回収ボックス,月火水木金土日,9:00,20:00,17:00以降は事務室に立ち寄り。12/29～1/3は利用不可。,不要,なし,古紙・リターナブルびん
164,ホクレンショップフードファーム平岡公園通り店,札幌市清田区里塚緑ヶ丘5丁目1-10,なし,なし,ダンボール回収協力店,店舗の営業日,なし,なし,店舗の営業時間内で利用可能。,不要,なし,古紙・リターナブルびん
165,読売センター真栄,札幌市清田区真栄1条2丁目24-5,なし,011-882-0418,古紙回収協力店,月火水木金土,10:00,17:00,日曜、祝日は利用不可。,必要,なし,古紙・リターナブルびん
166,清田区役所,札幌市清田区平岡1条1丁目,駐車場の庁舎側角,なし,古紙回収ボックス,月火水木金土日,8:45,17:15,12/29～1/3は利用不可。,不要,なし,古紙・リターナブルびん
167,エコフィスジャパン株式会社平岡リサイクルセンター,札幌市清田区平岡1条2丁目12-17,なし,011-886-2610,古紙回収協力店,なし,8:00,17:00,日曜、祝日、1/1～1/3は利用不可。,必要,なし,古紙・リターナブルびん
168,フードD　平岡食彩館,札幌市清田区平岡2条3丁目9-1,なし,なし,ダンボール回収協力店,店舗の営業日,なし,なし,店舗の営業時間内で利用可能。,不要,なし,古紙・リターナブルびん
169,パークシティ平岡町内会館  ,札幌市清田区平岡6条3丁目16-11,なし,なし,エコボックス,月火水木金土日,8:00,19:00,祝日、お盆、年末年始は利用不可。,不要,なし,古紙・リターナブルびん
170,コープさっぽろ　平岡典,札幌市平岡公園東3丁目1-5,なし,011-855-3539,古紙回収協力店,月火水木金土日,10:00,20:00,なし,不要,なし,古紙・リターナブルびん
171,ラルズマート石山店,札幌市南区石山東4丁目8-33,なし,なし,ダンボール回収協力店,店舗の営業日,なし,なし,店舗の営業時間内で利用可能。,不要,サービスカウンターに持ち込み,古紙・リターナブルびん
172,芸術の森地区会館,札幌市南区石山東7丁目,建物裏の駐車場奥,なし,古紙回収ボックス,月火水木金,9:00,17:00,土曜、日曜、祝日、12/29～1/3は利用不可。,不要,なし,古紙・リターナブルびん
173,コープさっぽろ　ソシア店,札幌市南区川沿5条2丁目3-10,なし,011-571-5141,古紙回収協力店,月火水木金土日,10:00,20:00,なし,不要,なし,古紙・リターナブルびん
174,読売センター川沿,札幌市南区川沿11条2丁目2-22,ヒラマビル11-A,011-212-1088,古紙回収協力店,月火水木金土,10:00,17:00,日曜は利用不可。,必要,なし,古紙・リターナブルびん
175,ラッキー　川沿店,札幌市南区川沿12条2丁目1,なし,なし,ダンボール回収協力店,店舗の営業日,なし,なし,店舗の営業時間内で利用可能。,不要,なし,古紙・リターナブルびん
176,ほくしん（販）,札幌市南区川沿12条4丁目8-22,ドリマー2000-102号,090-7659-1160,古紙回収協力店,月火水木金土,8:00,17:00,日曜、1/1～1/4は利用不可,必要,なし,古紙・リターナブルびん
177,ビッグハウス　サウス,札幌市南区川沿15条1丁目1-55,なし,なし,ダンボール回収協力店,店舗の営業日,なし,なし,店舗の営業時間内で利用可能。,不要,なし,古紙・リターナブルびん
178,和幸資源,札幌市南区澄川5条4丁目3-35,十倉ハウス102,011-822-2602,古紙回収協力店,月火水木金土日,15:00,18:00,毎月4、12、30、31日、1/1～1/4は利用不可。,必要,なし,古紙・リターナブルびん
179,ホクレンショップ　中ノ沢店,札幌市南区中ノ沢2丁目2,なし,なし,ダンボール回収協力店,店舗の営業日,なし,なし,店舗の営業時間内で利用可能。,不要,なし,古紙・リターナブルびん
180,アイビーハイム藻岩,札幌市南区中ノ沢3丁目1-1,なし,なし,エコボックス,月火水木金土日,8:00,17:00,12/30～1/3は利用不可。,不要,なし,古紙・リターナブルびん
181,西藤野会館,札幌市南区藤野2条11丁目5-10,なし,なし,エコボックス,月火水木金土日,8:00,17:00,12/28～1/5は利用不可。,不要,なし,古紙・リターナブルびん
182,コープさっぽろ　藤野店,札幌市南区藤野3条6丁目2-1,なし,011-591-6811,古紙回収協力店,月火水木金土日,10:00,20:00,なし,不要,なし,古紙・リターナブルびん
183,読売センター藤野石山,札幌市南区藤野3条7丁目6-12,なし,011-591-8140,古紙回収協力店,月火水木金土,10:00,17:00,日曜、祝日は利用不可。,必要,なし,古紙・リターナブルびん
184,梅峰資源,札幌市南区藤野3条11丁目13-17,なし,011-596-1572,古紙回収協力店,月火水木金土日,なし,なし,終日利用可。1/1は利用不可。,不要,なし,古紙・リターナブルびん
185,藤野公園町内会ゴミステーション横,札幌市南区藤野3条11丁目14,なし,なし,エコボックス,月火水木金土日,8:00,18:00,なし,不要,なし,古紙・リターナブルびん
186,読売センター真駒内,札幌市南区真駒内柏丘9丁目2-1,なし,011-583-0077,古紙回収協力店,月火水木金土,10:00,15:00,日曜、祝日、年末年始は利用不可。,不要,なし,古紙・リターナブルびん
187,エメラルドマンション,札幌市南区南区真駒内柏丘10丁目12-2,なし,なし,エコボックス,月火水木金土日,6:00,10:00,12/31～1/3は利用不可。,不要,なし,古紙・リターナブルびん
188,ラルズマート　真駒内店,札幌市南区真駒内幸町1丁目2-3,なし,なし,ダンボール回収協力店,店舗の営業日,なし,なし,店舗の営業時間内で利用可能。,不要,サービスカウンターに持ち込み,古紙・リターナブルびん
189,南区役所,札幌市南区真駒内幸町2丁目,駐車場（区民センター側）,なし,古紙回収ボックス,月火水木金土日,8:45,17:15,12/29～1/3は利用不可。,不要,なし,古紙・リターナブルびん
190,ミソマップ会館,札幌市南区簾舞4条2丁目10-18,なし,なし,エコボックス,月火水木金土日,10:00,19:00,12/29～1/3は利用不可。,不要,なし,古紙・リターナブルびん
191,中央地区リサイクルセンター,札幌市南区南30条西8丁目7-1,中央清掃事務所敷地内,011-211-2928,地区リサイクルセンター,月火水木金土日,10:00,15:00,年末年始は利用不可。,不要,電話はごみ減量推進担当課。,古紙・リターナブルびん
192,武田商店,札幌市南区南34条西8丁目2-21,なし,011-581-0289,古紙回収協力店,月火水木金土日,9:00,18:00,1/1～1/4は利用不可。,必要,なし,古紙・リターナブルびん
193,西区役所,札幌市西区琴似2条7丁目,正面入り口左手,なし,古紙回収ボックス,月火水木金土日,8:45,17:15,12/29～1/3は利用不可。,不要,なし,古紙・リターナブルびん
194,エコリサイクル札幌,札幌市西区西町北2丁目5-24,なし,090-7514-4050,古紙回収協力店,月火水木金土日,9:00,18:00,なし,必要,なし,古紙・リターナブルびん
195,ラッキーマート　西野店,札幌市西区西野8条8丁目2-46,なし,なし,ダンボール回収協力店,店舗の営業日,なし,なし,店舗の営業時間内で利用可能。,不要,なし,古紙・リターナブルびん
196,琴似マンション,札幌市西区二十四軒2条4丁目2-11,なし,なし,エコボックス,月火水木金土日,8:00,17:00,土曜の利用時間は08:00～12:00、日曜の利用時間は08:00～10:00。12/31～1/3は利用不可。,不要,なし,古紙・リターナブルびん
197,西地区リサイクルセンター,札幌市西区二十四軒4条1丁目5,JR高架下,011-211-2928,地区リサイクルセンター,火水木金土日,10:00,16:00,月曜が祝日の場合は開館し、翌平日が休館日。12/31～1/3は利用不可。,不要,電話はごみ減量推進担当課。,古紙・リターナブルびん
198,八軒会館 ,札幌市西区八軒1条西1丁目,なし,なし,エコボックス,月火水木金土日,9:00,18:00,12/29～1/3、お盆、ゴールデンウィークは利用不可。,不要,なし,古紙・リターナブルびん
199,吉川商店,札幌市西区八軒3条東5丁目4-33,協林マンション12号,011-737-4088,古紙回収協力店,月火水木金土日,9:00,17:00,8/13～8/16、12/29～1/4は利用不可。,必要,なし,古紙・リターナブルびん
200,山本工業株式会社,札幌市西区八軒4条東3丁目4-5,なし,011-631-5100,古紙回収協力店,月火水木金土日,8:00,18:00,なし,必要,なし,古紙・リターナブルびん
201,フレッティ　琴似店,札幌市西区八軒5条東1丁目5-1,なし,なし,ダンボール回収協力店,店舗の営業日,なし,なし,店舗の営業時間内で利用可能。,不要,サービスカウンターに持ち込み,古紙・リターナブルびん
202,八軒中央まちづくりセンター ,札幌市西区八軒6条西2丁目,なし,なし,エコボックス,月火水木金土日,9:00,17:00,5/3～5/5、8/13～8/15、12/29～1/3は利用不可。,不要,なし,古紙・リターナブルびん
203,ダイイチ　八軒店,札幌市西区八軒10条東5丁目,なし,なし,ダンボール回収協力店,店舗の営業日,なし,なし,店舗の営業時間内で利用可能。,不要,なし,古紙・リターナブルびん
204,株式会社サクマ運輸倉庫西営業所,札幌市西区八軒10条西12丁目1-9,なし,011-631-4181,古紙回収協力店,月火水木金,9:00,17:00,土曜、日曜、祝日は利用不可。,不要,なし,古紙・リターナブルびん
205,永大紙業株式会社,札幌市西区八軒10条西12丁目2-25,なし,011-611-8010,古紙回収協力店,月火水木金土,8:30,16:00,日曜、12/30～1/3は利用不可。,不要,なし,古紙・リターナブルびん
206,ブックハウスマイネル,札幌市西区発寒3条5丁目3-12,なし,011-667-8785,古紙回収協力店,月火水木金土日,12:00,22:00,毎月第2金曜日、8/12～8/16、12/31～1/3は利用不可。,不要,なし,古紙・リターナブルびん
207,ビッグハウス　ウエスト,札幌市西区発寒7条9丁目4-33,なし,なし,ダンボール回収協力店,店舗の営業日,なし,なし,店舗の営業時間内で利用可能。,不要,なし,古紙・リターナブルびん
208,王子山室古紙センター株式会社,札幌市西区発寒8条5丁目1-1,なし,011-663-3636,古紙回収協力店,月火水木金土日,なし,なし,終日利用可。,不要,なし,古紙・リターナブルびん
209,ラッキー　発寒店,札幌市西区発寒8条13丁目1-20,なし,なし,ダンボール回収協力店,店舗の営業日,なし,なし,店舗の営業時間内で利用可能。,不要,なし,古紙・リターナブルびん
210,ダイイチ　発寒中央駅前店,札幌市西区発寒10条3丁目1-11,なし,なし,ダンボール回収協力店,店舗の営業日,なし,なし,店舗の営業時間内で利用可能。,不要,なし,古紙・リターナブルびん
211,ラルズマート　発寒店,札幌市西区発寒14条4丁目2-23,なし,なし,ダンボール回収協力店,店舗の営業日,なし,なし,店舗の営業時間内で利用可能。,不要,なし,古紙・リターナブルびん
212,株式会社鈴木商会札幌西事業所,札幌市西区発寒15条13丁目3-1,なし,011-662-2211,古紙回収協力店,月火水木金土,8:30,17:30,日曜、祝日、1～3月の土曜、8/14～8/15、12/29～12/31は利用不可。,不要,なし,古紙・リターナブルびん
213,株式会社イーアンドエム,札幌市西区発寒16条14丁目6-1,なし,011-213-9103,古紙回収協力店,月火水木金,9:00,17:00,土曜、日曜は利用不可。年末は要問合せ。,必要,なし,古紙・リターナブルびん
214,ラッキー　山の手店,札幌市西区山の手1条7丁目1-28,なし,なし,ダンボール回収協力店,店舗の営業日,なし,なし,店舗の営業時間内で利用可能。,不要,なし,古紙・リターナブルびん
215,ラルズマート　山の手店,札幌市西区山の手2条6丁目5-20,なし,なし,ダンボール回収協力店,店舗の営業日,なし,なし,店舗の営業時間内で利用可能。,不要,サービスカウンターに持ち込み,古紙・リターナブルびん
216,石崎商店,札幌市西区山の手6条7丁目1-20,なし,011-642-3073,古紙回収協力店,月火水木金土,9:00,17:00,日曜、祝日、8/14～8/16、12/31～1/6は利用不可。,必要,なし,古紙・リターナブルびん
217,中央資源,札幌市山の手7条8丁目3-6,なし,011-611-7077,古紙回収協力店,月火水木金土日,9:00,17:00,12/31～1/5は利用不可。,必要,なし,古紙・リターナブルびん
218,笹嶋商会,札幌市手稲区稲穂4条4丁目12-8,なし,011-685-5380,古紙回収協力店,月火水木金土日,7:30,21:00,なし,不要,なし,古紙・リターナブルびん
219,ホクレンショップ　新発寒店,札幌市手稲区新発寒4条1丁目1-60,なし,なし,ダンボール回収協力店,店舗の営業日,なし,なし,店舗の営業時間内で利用可能。,不要,なし,古紙・リターナブルびん
220,スーパーアークス　星置店,札幌市手稲区手稲山口478-1,なし,なし,ダンボール回収協力店,店舗の営業日,なし,なし,店舗の営業時間内で利用可能。,不要,なし,古紙・リターナブルびん
221,株式会社丸升増田本店札幌西支店,札幌市手稲区西宮の沢2条2丁目4-30,なし,011-664-5278,古紙回収協力店,月火水木金土日,8:30,16:30,日曜、祝日の利用時間は8:30～16:00。1/1～1/4は利用不可。,不要,なし,古紙・リターナブルびん
222,コープさっぽろ西宮の沢店,札幌市手稲区西宮の沢3条1丁目12-1,なし,011-665-0051,古紙回収協力店,月火水木金土日,10:00,20:00,なし,不要,なし,古紙・リターナブルびん
223,株式会社広宣商事,札幌市手稲区西宮の沢3条1丁目173-4,なし,011-665-5155,古紙回収協力店,月火水木金土日,9:00,17:00,8/12～8/20、12/30～1/5は利用不可。,必要,なし,古紙・リターナブルびん
224,ラルズストア　宮の沢店,札幌市手稲区西宮の沢5条2丁目11-20,なし,なし,ダンボール回収協力店,店舗の営業日,なし,なし,店舗の営業時間内で利用可能。,不要,なし,古紙・リターナブルびん
225,星置地区センター,札幌市手稲区星置2条3丁目,裏口入り口左手,なし,古紙回収ボックス,月火水木金土日,なし,なし,終日利用可。,不要,なし,古紙・リターナブルびん
226,手稲区役所,札幌市手稲区前田1条11丁目,駐車場奥（保健センター側）,なし,古紙回収ボックス,月火水木金土日,8:45,17:15,12/29～1/3は利用不可,不要,なし,古紙・リターナブルびん
227,ロジェ稲積公園,札幌市手稲区前田4条8丁目2-1,なし,なし,エコボックス,月火水木金土日,10:00,19:00,なし,不要,なし,古紙・リターナブルびん
228,ホクレンショップ　前田店,札幌市手稲区前田6条15丁目3-30,なし,なし,ダンボール回収協力店,店舗の営業日,なし,なし,店舗の営業時間内で利用可能。,不要,なし,古紙・リターナブルびん
229,フードD　BOSCO店,札幌市手稲区前田7条11丁目2-10,なし,なし,ダンボール回収協力店,店舗の営業日,なし,なし,店舗の営業時間内で利用可能。,不要,なし,古紙・リターナブルびん
230,札幌市役所,北海道札幌市中央区 北1条西2,なし,なし,回収ボックス,月火水木金,8:45,17:15,年末年始、土日祝日休み,なし,なし,小型家電
231,中央区役所,北海道札幌市中央区 南3条西11,なし,なし,回収ボックス,月火水木金,8:45,17:15,年末年始、土日祝日休み,なし,なし,小型家電
232,イオン札幌桑園店,北海道札幌市中央区 北8条西14-28,なし,なし,回収ボックス,店舗営業日,なし,なし,店舗営業時間内,なし,なし,小型家電
233,北区役所,北海道札幌市北区 北24条西6-1-1,なし,なし,回収ボックス,月火水木金,8:45,17:15,年末年始、土日祝日休み,なし,なし,小型家電
234,北清掃事務所,北海道札幌市北区 屯田町990-3,なし,なし,回収ボックス,月火水木金,8:00,16:30,祝・休日は15:30まで。年末年始、土日休み,なし,なし,小型家電
235,篠路出張所,北海道札幌市北区 篠路4条7-2-40,なし,なし,回収ボックス,月火水木金,8:45,17:15,年末年始、土日祝日休み,なし,なし,小型家電
236,北地区リサイクルセンター,北海道札幌市北区 あいの里2条6-1-10,廃棄物空気輸送センター内,なし,回収ボックス,火水木金土日,10:00,16:00,年末年始、月曜休み。ただし月曜が祝日の場合は翌平日休み,なし,なし,小型家電
237,イトーヨーカドー屯田店,北海道札幌市北区 屯田8条3-5-1,なし,なし,回収ボックス,店舗営業日,なし,なし,店舗営業時間内,なし,なし,小型家電
238,イオン札幌麻生店,北海道札幌市北区 北39条西4-1-5,なし,なし,回収ボックス,店舗営業日,なし,なし,店舗営業時間内,なし,なし,小型家電
239,東区役所,北海道札幌市東区 北11条東7-1-1,なし,なし,回収ボックス,月火水木金,8:45,17:15,年末年始、土日祝日休み,なし,なし,小型家電
240,東清掃事務所,北海道札幌市東区 丘珠町873-1,なし,なし,回収ボックス,月火水木金,8:00,16:30,祝・休日は15:30まで。年末年始、土日休み,なし,なし,小型家電
241,つどーむ,北海道札幌市東区 栄町885番地1,なし,なし,回収ボックス,施設営業日,9:00,21:00,休館日、イベント開催時の利用可否について事前に要確認,なし,なし,小型家電
242,イオン札幌苗穂店,北海道札幌市東区 東苗穂2条3-1-1,なし,なし,回収ボックス,店舗営業日,なし,なし,店舗営業時間内,なし,なし,小型家電
243,イトーヨーカドーアリオ札幌店,北海道札幌市東区 北7条東9-2-20,なし,なし,回収ボックス,店舗営業日,なし,なし,店舗営業時間内,なし,なし,小型家電
244,白石区役所（白石区複合庁舎）,北海道札幌市白石区 本郷通3-北1-1,なし,なし,回収ボックス,月火水木金,8:45,17:15,年末年始、土日祝日休み,なし,なし,小型家電
245,白石清掃事務所,北海道札幌市白石区 東米里2170-1,なし,なし,回収ボックス,月火水木金,8:00,16:30,祝・休日は15:30まで。年末年始、土日休み,なし,なし,小型家電
246,ラソラ札幌（旧イーアス札幌）,北海道札幌市白石区 東札幌3条1-1-1,なし,なし,回収ボックス,店舗営業日,なし,なし,店舗営業時間内,なし,なし,小型家電
247,厚別区役所,北海道札幌市厚別区 厚別中央1条5-3-2,なし,なし,回収ボックス,月火水木金,8:45,17:15,年末年始、土日祝日休み,なし,なし,小型家電
248,厚別地区リサイクルセンター,北海道札幌市厚別区 厚別東3条1-1-10,リユースプラザ内,なし,回収ボックス,月火水木金,10:00,16:00,年末年始、月曜休み。ただし月曜が祝日の場合は翌平日休み,なし,なし,小型家電
249,イオン新さっぽろ店,北海道札幌市厚別区 厚別中央2条5-7-1,なし,なし,回収ボックス,店舗営業日,なし,なし,店舗営業時間内,なし,なし,小型家電
250,豊平区役所,北海道札幌市豊平区 平岸6条10-1-1,なし,なし,回収ボックス,月火水木金,8:45,17:15,年末年始、土日祝日休み,なし,なし,小型家電
251,平岸プール,北海道札幌市豊平区 平岸5条14-1-1,なし,なし,回収ボックス,月火水木金土日,10:00,21:00,店舗営業時間内,なし,なし,小型家電
252,清田区役所,北海道札幌市清田区 平岡1条1-2-1,なし,なし,回収ボックス,月火水木金,8:45,17:15,年末年始、土日祝日休み,なし,なし,小型家電
253,イオン札幌平岡店,北海道札幌市清田区 平岡3条5-3-1,なし,なし,回収ボックス,店舗営業日,なし,なし,店舗営業時間内,なし,なし,小型家電
254,南区役所,北海道札幌市南区 真駒内幸町2-2-1,なし,なし,回収ボックス,月火水木金,8:45,17:15,年末年始、土日祝日休み,なし,なし,小型家電
255,中央地区リサイクルセンター,北海道札幌市南区 南30条西8-7-1,なし,なし,回収ボックス,月火水木金土日,10:00,15:00,店舗営業時間内,なし,なし,小型家電
256,豊平・南清掃事務所,北海道札幌市南区 真駒内602,なし,なし,回収ボックス,月火水木金,8:00,16:30,祝・休日は15:30まで。年末年始、土日休み,なし,なし,小型家電
257,イオン札幌藻岩店,北海道札幌市南区 川沿2条2-1-1,なし,なし,回収ボックス,店舗営業日,なし,なし,店舗営業時間内,なし,なし,小型家電
258,西区役所,北海道札幌市西区 琴似2条7-1-1,なし,なし,回収ボックス,月火水木金,8:45,17:15,年末年始、土日祝日休み,なし,なし,小型家電
259,西清掃事務所,北海道札幌市西区 発寒15条14-2-1,なし,なし,回収ボックス,月火水木金,8:00,16:30,祝・休日は15:30まで。年末年始、土日休み,なし,なし,小型家電
260,リサイクルプラザ宮の沢,北海道札幌市西区 宮の沢1条1-1-10,ちえりあ１Ｆ,なし,回収ボックス,火水木金土日,10:00,18:00,年末年始、月曜休み。ただし月曜が祝日の場合は翌平日休み,なし,なし,小型家電
261,西地区リサイクルセンター,北海道札幌市西区 二十四軒4条1-5,ＪＲ高架下リサイクルプラザ二十四軒サテライト内,なし,回収ボックス,火水木金土日,10:00,16:00,年末年始、月曜休み。ただし月曜が祝日の場合は翌平日休み,なし,なし,小型家電
262,イオン札幌発寒店,北海道札幌市西区 発寒8条12-1-1,なし,なし,回収ボックス,店舗営業日,なし,なし,店舗営業時間内,なし,なし,小型家電
263,イオン札幌琴似店,北海道札幌市西区 琴似2条4-2-2,なし,なし,回収ボックス,店舗営業日,なし,なし,店舗営業時間内,なし,なし,小型家電
264,手稲区役所,北海道札幌市手稲区 前田1条11-1-10,なし,なし,回収ボックス,月火水木金,8:45,17:15,年末年始、土日祝日休み,なし,なし,小型家電
265,イオンスーパーセンター手稲山口店,北海道札幌市手稲区 明日風6-1-1,なし,なし,回収ボックス,店舗営業日,なし,なし,店舗営業時間内,なし,なし,小型家電
266,じゅんかんコンビニ24桑園店,北海道札幌市中央区 北9条西21-1,なし,なし,回収拠点,月火水木金土日,なし,なし,年中無休、24時間営業,なし,なし,小型家電
267,じゅんかんコンビニ24伏見店,北海道札幌市中央区 南15条西19-2,なし,なし,回収拠点,月火水木金土日,なし,なし,年中無休、24時間営業,なし,なし,小型家電
268,じゅんかんコンビニ24太平店,北海道札幌市北区 太平5条5-5,なし,なし,回収拠点,月火水木金土日,なし,なし,年中無休、24時間営業,なし,なし,小型家電
269,ＤＣＭホーマック篠路店リサイクルステーション,北海道札幌市北区 篠路1条1-1-10,なし,なし,回収拠点,店舗営業日,なし,なし,店舗営業時間内,なし,なし,小型家電
270,じゅんかんコンビニ24元町店,北海道札幌市東区 北20条東20-1,なし,なし,回収拠点,月火水木金土日,なし,なし,年中無休、24時間営業,なし,なし,小型家電
271,じゅんかんコンビニ24マテックプラザ店,北海道札幌市白石区 本通20-北1-10,なし,なし,回収拠点,月火水木金土日,なし,なし,年中無休、24時間営業,なし,なし,小型家電
272,株式会社マテック札幌支店,北海道札幌市白石区 東米里2032-12,なし,なし,回収拠点,月火水木金,なし,なし,4～12月8：00～17：00、1～3月8：30～17：30土日祝日、年末年始休み,なし,なし,小型家電
273,じゅんかんコンビニ24森林公園店,北海道札幌市厚別区 厚別東4条8-15-1,なし,なし,回収拠点,月火水木金土日,なし,なし,年中無休、24時間営業,なし,なし,小型家電
274,じゅんかんコンビニ24月寒店,北海道札幌市豊平区 月寒東3条3-2,なし,なし,回収拠点,月火水木金土日,なし,なし,2018年10月６日オープン予定。年中無休、24時間営業,なし,なし,小型家電
275,じゅんかんコンビニ24西岡店,北海道札幌市豊平区 西岡4条1-5-9,なし,なし,回収拠点,月火水木金土日,なし,なし,年中無休、24時間営業,なし,なし,小型家電
276,ＤＣＭホーマック西岡店リサイクルステーション,北海道札幌市豊平区 西岡1条8-8-1,なし,なし,回収拠点,店舗営業日,なし,なし,店舗営業時間内,なし,なし,小型家電
277,じゅんかんコンビニ24美しが丘店,北海道札幌市清田区 美しが丘1条4-1-15,なし,なし,回収拠点,月火水木金土日,なし,なし,年中無休、24時間営業,なし,なし,小型家電
278,ＤＣＭホーマック真栄店リサイクルステーション,北海道札幌市清田区 真栄4条2-1-10,なし,なし,回収拠点,店舗営業日,なし,なし,店舗営業時間内,なし,なし,小型家電
279,ＤＣＭホーマック藤野店リサイクルステーション,北海道札幌市南区 藤野2条4-1-1,なし,なし,回収拠点,店舗営業日,なし,なし,店舗営業時間内,なし,なし,小型家電
280,じゅんかんコンビニ24発寒店,北海道札幌市西区 発寒12条13-2-52,なし,なし,回収拠点,月火水木金土日,なし,なし,年中無休、24時間営業,なし,なし,小型家電
281,ＤＣＭホーマック発寒追分通店リサイクルステーション,北海道札幌市西区 発寒9条14-516-210,なし,なし,回収拠点,店舗営業日,なし,なし,店舗営業時間内,なし,なし,小型家電
282,じゅんかんコンビニ24富丘店,北海道札幌市手稲区 富丘3条5-5,なし,なし,回収拠点,月火水木金土日,なし,なし,年中無休、24時間営業,なし,なし,小型家電
283,じゅんかんコンビニ24明日風店,北海道札幌市手稲区 明日風1-1,なし,なし,回収拠点,月火水木金土日,なし,なし,年中無休、24時間営業,なし,なし,小型家電
284,大阪屋,北海道札幌市中央区 北1条西3,なし,なし,なし,なし,なし,なし,なし,なし,なし,蛍光管
285,ヤマダ電機テックランド札幌本店,北海道札幌市中央区 北1条西8-1-2,なし,なし,なし,なし,なし,なし,なし,なし,なし,蛍光管
286,花岡電器,北海道札幌市中央区 北1条西23-2-2,なし,なし,なし,なし,なし,なし,なし,なし,なし,蛍光管
287,中原電気商会,北海道札幌市中央区 北2条西2,なし,なし,なし,なし,なし,なし,なし,なし,なし,蛍光管
288,桑園電器商会,北海道札幌市中央区 北4条西14,なし,なし,なし,なし,なし,なし,なし,なし,なし,蛍光管
289,ビックカメラ札幌店,北海道札幌市中央区 北5条西2-1,なし,なし,なし,なし,なし,なし,なし,なし,なし,蛍光管
290,イオン札幌桑園店,北海道札幌市中央区 北8条西14-28,なし,なし,なし,なし,なし,なし,なし,なし,なし,蛍光管
291,ヨシロウ電器,北海道札幌市中央区 北12条西20,中央卸売市場内,なし,なし,なし,なし,なし,なし,なし,なし,蛍光管
292,オノデンＣＯ．,北海道札幌市中央区 北13条西19-37-67,なし,なし,なし,なし,なし,なし,なし,なし,なし,蛍光管
293,飯田電気店,北海道札幌市中央区 南3条東2-18,なし,なし,なし,なし,なし,なし,なし,なし,なし,蛍光管
294,西友旭ヶ丘店,北海道札幌市中央区 南8条西25-2-1,なし,なし,なし,なし,なし,なし,なし,なし,なし,蛍光管
295,ＤＣＭホーマック旭ヶ丘店,北海道札幌市中央区 南9条西22-1-2,なし,なし,なし,なし,なし,なし,なし,なし,なし,蛍光管
296,サンテックまつい,北海道札幌市中央区 南11条西12,なし,なし,なし,なし,なし,なし,なし,なし,なし,蛍光管
297,ラルズマート啓明店,北海道札幌市中央区 南11条西21-4-21,なし,なし,なし,なし,なし,なし,なし,なし,なし,蛍光管
298,ラルズマート山鼻店,北海道札幌市中央区 南12条西11-2-10,なし,なし,なし,なし,なし,なし,なし,なし,なし,蛍光管
299,東光ストア行啓通店,北海道札幌市中央区 南14条西9-1-15,なし,なし,なし,なし,なし,なし,なし,なし,なし,蛍光管
300,啓明電気,北海道札幌市中央区 南14条西11-2-12,なし,なし,なし,なし,なし,なし,なし,なし,なし,蛍光管
301,マックスバリュ南15条店,北海道札幌市中央区 南15条西14-1-22,なし,なし,なし,なし,なし,なし,なし,なし,なし,蛍光管
302,東光ストアあいの里店,北海道札幌市北区 あいの里1条5-1-31,なし,なし,なし,なし,なし,なし,なし,なし,なし,蛍光管
303,ビバホームあいの里店,北海道札幌市北区 あいの里1条6-2-2,なし,なし,なし,なし,なし,なし,なし,なし,なし,蛍光管
304,北地区リサイクルセンター,北海道札幌市北区 あいの里2条6-1-10,廃棄物空気輸送センター内,なし,なし,なし,なし,なし,なし,なし,なし,蛍光管
305,ヨドバシカメラマルチメディア札幌,北海道札幌市北区 北6条西5-1-22,なし,なし,なし,なし,なし,なし,なし,なし,なし,蛍光管
306,スーパーアークス北24条店,北海道札幌市北区 北24条西9-1-1,なし,なし,なし,なし,なし,なし,なし,なし,なし,蛍光管
307,旭電器販売,北海道札幌市北区 北26西8-1-19,なし,なし,なし,なし,なし,なし,なし,なし,なし,蛍光管
308,マックスバリュ北32条店,北海道札幌市北区 北32条西13-1-1,なし,なし,なし,なし,なし,なし,なし,なし,なし,蛍光管
309,ヤマダ電機テックランド札幌北33条店,北海道札幌市北区 北33条西5-120-1,なし,なし,なし,なし,なし,なし,なし,なし,なし,蛍光管
310,ケーズデンキ札幌麻生店,北海道札幌市北区 北36条西10-1-5,なし,なし,なし,なし,なし,なし,なし,なし,なし,蛍光管
311,イオン札幌麻生店,北海道札幌市北区 北39条西4-1-5,なし,なし,なし,なし,なし,なし,なし,なし,なし,蛍光管
312,東光ストア麻生店,北海道札幌市北区 北40条西4-2-15,なし,なし,なし,なし,なし,なし,なし,なし,なし,蛍光管
313,ＤＣＭホーマック篠路店,北海道札幌市北区 篠路1条1-1-10,なし,なし,なし,なし,なし,なし,なし,なし,なし,蛍光管
314,井形電気商会,北海道札幌市北区 篠路3条7-8-1,なし,なし,なし,なし,なし,なし,なし,なし,なし,蛍光管
315,スーパーアークスノース,北海道札幌市北区 篠路3条9-2-15,なし,なし,なし,なし,なし,なし,なし,なし,なし,蛍光管
316,コアデンキ,北海道札幌市北区 新川1条1-1-31,なし,なし,なし,なし,なし,なし,なし,なし,なし,蛍光管
317,ビッグハウス新川店,北海道札幌市北区 新川6条14-1-1,なし,なし,なし,なし,なし,なし,なし,なし,なし,蛍光管
318,スーパーアークスエクスプレス,北海道札幌市北区 新川西1条4-1-1,なし,なし,なし,なし,なし,なし,なし,なし,なし,蛍光管
319,ビバホーム新琴似店,北海道札幌市北区 新琴似1条7-3-35,なし,なし,なし,なし,なし,なし,なし,なし,なし,蛍光管
320,下村電器,北海道札幌市北区 新琴似1条11-10-21,なし,なし,なし,なし,なし,なし,なし,なし,なし,蛍光管
321,なかでん,北海道札幌市北区 新琴似3条4-4-3,なし,なし,なし,なし,なし,なし,なし,なし,なし,蛍光管
322,石垣電機,北海道札幌市北区 新琴似7条16-5-23,なし,なし,なし,なし,なし,なし,なし,なし,なし,蛍光管
323,コンパスホリイ,北海道札幌市北区 新琴似8条12-5-1,なし,なし,なし,なし,なし,なし,なし,なし,なし,蛍光管
324,ＤＣＭホーマック新琴似店,北海道札幌市北区 新琴似8条16-9-1,なし,なし,なし,なし,なし,なし,なし,なし,なし,蛍光管
325,ハタナカ電器,北海道札幌市北区 新琴似9条15-5-22,なし,なし,なし,なし,なし,なし,なし,なし,なし,蛍光管
326,マックスバリュ新琴似店,北海道札幌市北区 新琴似10条2-1,なし,なし,なし,なし,なし,なし,なし,なし,なし,蛍光管
327,ビッグハウス太平店,北海道札幌市北区 太平4条1-3-1,なし,なし,なし,なし,なし,なし,なし,なし,なし,蛍光管
328,細川電機株式会社札幌営業店,北海道札幌市北区 太平9条5-2-7,なし,なし,なし,なし,なし,なし,なし,なし,なし,蛍光管
329,電器のマツダの店,北海道札幌市北区 屯田4条2-8-6,なし,なし,なし,なし,なし,なし,なし,なし,なし,蛍光管
330,でんきのエイト,北海道札幌市北区 屯田4条6-6-18,なし,なし,なし,なし,なし,なし,なし,なし,なし,蛍光管
331,ヤマダ電機テックランド屯田店,北海道札幌市北区 屯田7条3-2-2,なし,なし,なし,なし,なし,なし,なし,なし,なし,蛍光管
332,イトーヨーカドー屯田店,北海道札幌市北区 屯田8条3-5-1,なし,なし,なし,なし,なし,なし,なし,なし,なし,蛍光管
333,ジョイフルエーケー屯田店,北海道札幌市北区 屯田8条5-5-1,なし,なし,なし,なし,なし,なし,なし,なし,なし,蛍光管
334,イトーヨーカドーアリオ札幌店,北海道札幌市東区 北7条東9-2-20,なし,なし,なし,なし,なし,なし,なし,なし,なし,蛍光管
335,スーパーアークス苗穂店,北海道札幌市東区 北7条東18-2-10,なし,なし,なし,なし,なし,なし,なし,なし,なし,蛍光管
336,ＤＣＭホーマック光星店,北海道札幌市東区 北9条東5-7-1,なし,なし,なし,なし,なし,なし,なし,なし,なし,蛍光管
337,ビッグハウス光星店,北海道札幌市東区 北14条東3-1-30,なし,なし,なし,なし,なし,なし,なし,なし,なし,蛍光管
338,マックスバリュ元町店,北海道札幌市東区 北17条東16-1-10,なし,なし,なし,なし,なし,なし,なし,なし,なし,蛍光管
339,ＤＣＭホーマック元町店,北海道札幌市東区 北17条東20-1,なし,なし,なし,なし,なし,なし,なし,なし,なし,蛍光管
340,足立金物店,北海道札幌市東区 北19条東1-1-24,なし,なし,なし,なし,なし,なし,なし,なし,なし,蛍光管
341,造田電器,北海道札幌市東区 北20条東20-3-27,なし,なし,なし,なし,なし,なし,なし,なし,なし,蛍光管
342,コープさっぽろ元町店,北海道札幌市東区 北21条東16-2-12,なし,なし,なし,なし,なし,なし,なし,なし,なし,蛍光管
343,北野電気,北海道札幌市東区 北21条東17-3,なし,なし,なし,なし,なし,なし,なし,なし,なし,蛍光管
344,マツヤデンキ元町店,北海道札幌市東区 北23条東21-25-4,なし,なし,なし,なし,なし,なし,なし,なし,なし,蛍光管
345,西友元町北二十四条店,北海道札幌市東区 北24条東20-4-1,なし,なし,なし,なし,なし,なし,なし,なし,なし,蛍光管
346,タカハシ電気,北海道札幌市東区 北25条東3-1-15,なし,なし,なし,なし,なし,なし,なし,なし,なし,蛍光管
347,たかのでんき,北海道札幌市東区 北25条東19-2-8,なし,なし,なし,なし,なし,なし,なし,なし,なし,蛍光管
348,イオン札幌元町店,北海道札幌市東区 北31条東15-1-1,なし,なし,なし,なし,なし,なし,なし,なし,なし,蛍光管
349,高橋無線電器,北海道札幌市東区 北34条東18-4-17,なし,なし,なし,なし,なし,なし,なし,なし,なし,蛍光管
350,ラルズマート北35条店,北海道札幌市東区 北35条東4-1-1,なし,なし,なし,なし,なし,なし,なし,なし,なし,蛍光管
351,加藤電器,北海道札幌市東区 北35条東21-2-13,なし,なし,なし,なし,なし,なし,なし,なし,なし,蛍光管
352,アラカワ電機,北海道札幌市東区 北37条東18-1-12,なし,なし,なし,なし,なし,なし,なし,なし,なし,蛍光管
353,イオン札幌栄町店,北海道札幌市東区 北42条東16-1-5,なし,なし,なし,なし,なし,なし,なし,なし,なし,蛍光管
354,ロイヤル家電,北海道札幌市東区 北47条東7-1-1,なし,なし,なし,なし,なし,なし,なし,なし,なし,蛍光管
355,アサヒ電器,北海道札幌市東区 北48条東15-2-27,なし,なし,なし,なし,なし,なし,なし,なし,なし,蛍光管
356,ＤＣＭホーマック北栄店,北海道札幌市東区 北49条東7-1-1,なし,なし,なし,なし,なし,なし,なし,なし,なし,蛍光管
357,ホクレンショップ49条店,北海道札幌市東区 北49条東15-723-1,なし,なし,なし,なし,なし,なし,なし,なし,なし,蛍光管
358,ケーズデンキ東苗穂店,北海道札幌市東区 東苗穂1条3-1-15,なし,なし,なし,なし,なし,なし,なし,なし,なし,蛍光管
359,イオン札幌苗穂店,北海道札幌市東区 東苗穂2条3-1-1,なし,なし,なし,なし,なし,なし,なし,なし,なし,蛍光管
360,ＤＣＭホーマック東苗穂店,北海道札幌市東区 東苗穂3条2-5-10,なし,なし,なし,なし,なし,なし,なし,なし,なし,蛍光管
361,100満ボルト東苗穂店,北海道札幌市東区 東苗穂3条2-5-20,なし,なし,なし,なし,なし,なし,なし,なし,なし,蛍光管
362,ホクレンFoodFarm東苗穂店,北海道札幌市東区 東苗穂8条1-18-1,なし,なし,なし,なし,なし,なし,なし,なし,なし,蛍光管
363,マツヤデンキ札苗店,北海道札幌市東区 東苗穂9条1-2-15,なし,なし,なし,なし,なし,なし,なし,なし,なし,蛍光管
364,コンパスはんだ,北海道札幌市東区 東苗穂10条2-14-23,なし,なし,なし,なし,なし,なし,なし,なし,なし,蛍光管
365,ヤマダ電機テックランド札幌苗穂店,北海道札幌市東区 東雁来2条1-1-16,なし,なし,なし,なし,なし,なし,なし,なし,なし,蛍光管
366,ＤＣＭホーマック東雁来店,北海道札幌市東区 東雁来10条3-1-1,なし,なし,なし,なし,なし,なし,なし,なし,なし,蛍光管
367,ヴィクトリー,北海道札幌市東区 伏古5条4-1-9,なし,なし,なし,なし,なし,なし,なし,なし,なし,蛍光管
368,ラルズマート伏古店,北海道札幌市東区 伏古6条3-4-1,なし,なし,なし,なし,なし,なし,なし,なし,なし,蛍光管
369,フシコデンキ,北海道札幌市東区 伏古8条4-2-6,なし,なし,なし,なし,なし,なし,なし,なし,なし,蛍光管
370,コープさっぽろ新道店,北海道札幌市東区 伏古11条3-1-45,なし,なし,なし,なし,なし,なし,なし,なし,なし,蛍光管
371,サンワドー札幌新道店,北海道札幌市東区 伏古11条3-1―50,なし,なし,なし,なし,なし,なし,なし,なし,なし,蛍光管
372,丸ヨ小林電器店,北海道札幌市東区 本町2条4-1-1,なし,なし,なし,なし,なし,なし,なし,なし,なし,蛍光管
373,ラルズマート新ほくと店,北海道札幌市白石区 川下4条1-1-1,なし,なし,なし,なし,なし,なし,なし,なし,なし,蛍光管
374,マックスバリュ菊水店,北海道札幌市白石区 菊水2条2-1―11,なし,なし,なし,なし,なし,なし,なし,なし,なし,蛍光管
375,スーパーアークス菊水店,北海道札幌市白石区 菊水3条5-2-25,なし,なし,なし,なし,なし,なし,なし,なし,なし,蛍光管
376,ＤＣＭホーマック菊水元町店,北海道札幌市白石区 菊水元町3条5-4-27,なし,なし,なし,なし,なし,なし,なし,なし,H30.9.10から翌春まで一時閉店,蛍光管
377,栄電社,北海道札幌市白石区 北郷2条9-2-8,なし,なし,なし,なし,なし,なし,なし,なし,なし,蛍光管
378,電器のいとう,北海道札幌市白石区 北郷3条2-2-1,なし,なし,なし,なし,なし,なし,なし,なし,なし,蛍光管
379,デンキのササキ,北海道札幌市白石区 栄通3-5-15,なし,なし,なし,なし,なし,なし,なし,なし,なし,蛍光管
380,コープさっぽろルーシー店,北海道札幌市白石区 栄通18-5-35,なし,なし,なし,なし,なし,なし,なし,なし,なし,蛍光管
381,でんきの芦崎,北海道札幌市白石区 栄通21-22-2,なし,なし,なし,なし,なし,なし,なし,なし,なし,蛍光管
382,アールエス・ネットサービス,北海道札幌市白石区 中央3条4-5-11,なし,なし,なし,なし,なし,なし,なし,なし,なし,蛍光管
383,東光ストア南郷13丁目店,北海道札幌市白石区 南郷通13南5-16,なし,なし,なし,なし,なし,なし,なし,なし,なし,蛍光管
384,イオン東札幌店,北海道札幌市白石区 東札幌3条2-1,なし,なし,なし,なし,なし,なし,なし,なし,なし,蛍光管
385,ビッグハウス白石店,北海道札幌市白石区 平和通3-北1-1,なし,なし,なし,なし,なし,なし,なし,なし,なし,蛍光管
386,くぼた電器,北海道札幌市白石区 本郷通7南3-8,なし,なし,なし,なし,なし,なし,なし,なし,なし,蛍光管
387,ポウラスタースエタ,北海道札幌市白石区 本通2北1-1,なし,なし,なし,なし,なし,なし,なし,なし,なし,蛍光管
388,ヤマダ電機テックランド札幌白石店,北海道札幌市白石区 本通15北1-1,なし,なし,なし,なし,なし,なし,なし,なし,なし,蛍光管
389,北海道佐々木商会,北海道札幌市白石区 本通18北3-60,稲津ビル,なし,なし,なし,なし,なし,なし,なし,なし,蛍光管
390,スーパービバホーム白石本通店,北海道札幌市白石区 本通20南1-1,なし,なし,なし,なし,なし,なし,なし,なし,なし,蛍光管
391,デンキのサンポウ,北海道札幌市厚別区 青葉町9-3-25,なし,なし,なし,なし,なし,なし,なし,なし,なし,蛍光管
392,ビッグハウスイースト,北海道札幌市厚別区 厚別中央2条2-2-6,なし,なし,なし,なし,なし,なし,なし,なし,なし,蛍光管
393,イオン新さっぽろ店,北海道札幌市厚別区 厚別中央2条5-7-1,なし,なし,なし,なし,なし,なし,なし,なし,なし,蛍光管
394,ＤＣＭホーマック厚別西店,北海道札幌市厚別区 厚別西3条6-700-73,なし,なし,なし,なし,なし,なし,なし,なし,なし,蛍光管
395,西友厚別店,北海道札幌市厚別区 厚別西4条6-700-126,なし,なし,なし,なし,なし,なし,なし,なし,なし,蛍光管
396,マックスバリュ厚別東店,北海道札幌市厚別区 厚別東1条1-3-1,なし,なし,なし,なし,なし,なし,なし,なし,なし,蛍光管
397,新山電器,北海道札幌市厚別区 厚別東1条4-3-6,なし,なし,なし,なし,なし,なし,なし,なし,なし,蛍光管
398,パナルックササキ,北海道札幌市厚別区 厚別東1条6-8-1,なし,なし,なし,なし,なし,なし,なし,なし,なし,蛍光管
399,厚別地区リサイクルセンター,北海道札幌市厚別区 厚別東3条1-1-10,リユースプラザ内,なし,なし,なし,なし,なし,なし,なし,なし,蛍光管
400,ヤマダ電機テックランド札幌厚別店,北海道札幌市厚別区 厚別東4条8-18-20,なし,なし,なし,なし,なし,なし,なし,なし,なし,蛍光管
401,ＤＣＭホーマック厚別東店,北海道札幌市厚別区 厚別東5条1-2-10,なし,なし,なし,なし,なし,なし,なし,なし,なし,蛍光管
402,ケーズデンキ厚別店,北海道札幌市厚別区 厚別東5条8-7-1,なし,なし,なし,なし,なし,なし,なし,なし,なし,蛍光管
403,デンキハウスレッツあつべつ,北海道札幌市厚別区 厚別南4-15-1,なし,なし,なし,なし,なし,なし,なし,なし,なし,蛍光管
404,マックスバリュ厚別店,北海道札幌市厚別区 厚別南5-22-50,なし,なし,なし,なし,なし,なし,なし,なし,なし,蛍光管
405,レッツたかはし,北海道札幌市厚別区 厚別南7-2-8,なし,なし,なし,なし,なし,なし,なし,なし,なし,蛍光管
406,東光ストア大谷地店,北海道札幌市厚別区 大谷地東3-3-20,なし,なし,なし,なし,なし,なし,なし,なし,なし,蛍光管
407,あさひ電機,北海道札幌市厚別区 上野幌2条2-7-7,なし,なし,なし,なし,なし,なし,なし,なし,なし,蛍光管
408,ヤマダ電機テックランド札幌月寒店,北海道札幌市豊平区 月寒東1条12-1-1,なし,なし,なし,なし,なし,なし,なし,なし,なし,蛍光管
409,リサイクルセンターダイトー,北海道札幌市豊平区 月寒東2条17,なし,なし,なし,なし,なし,なし,なし,なし,なし,蛍光管
410,スーパーアークス月寒東店,北海道札幌市豊平区 月寒東3条8-1-30,なし,なし,なし,なし,なし,なし,なし,なし,なし,蛍光管
411,ケーズデンキ月寒店,北海道札幌市豊平区 月寒東5条13-3-1,なし,なし,なし,なし,なし,なし,なし,なし,なし,蛍光管
412,ザ・ビッグ豊平店,北海道札幌市豊平区 豊平4条9-3-1,なし,なし,なし,なし,なし,なし,なし,なし,なし,蛍光管
413,ビバホーム豊平店,北海道札幌市豊平区 豊平6条9-2-10,なし,なし,なし,なし,なし,なし,なし,なし,なし,蛍光管
414,ＤＣＭホーマック西岡店,北海道札幌市豊平区 西岡1条8-8-1,なし,なし,なし,なし,なし,なし,なし,なし,なし,蛍光管
415,コジマ×ビックカメライオン西岡店,北海道札幌市豊平区 西岡3条3-4-1,なし,なし,なし,なし,なし,なし,なし,なし,なし,蛍光管
416,ザ・ビッグ西岡店,北海道札幌市豊平区 西岡3条7-220,なし,なし,なし,なし,なし,なし,なし,なし,なし,蛍光管
417,おちあい電器,北海道札幌市豊平区 西岡3条9-5-2,なし,なし,なし,なし,なし,なし,なし,なし,なし,蛍光管
418,ビッグハウスエクストラ,北海道札幌市豊平区 平岸1条22-2-15,なし,なし,なし,なし,なし,なし,なし,なし,なし,蛍光管
419,ビバホーム平岸店,北海道札幌市豊平区 平岸1条22-2-15,なし,なし,なし,なし,なし,なし,なし,なし,なし,蛍光管
420,平岸電化センター,北海道札幌市豊平区 平岸2条7-4-17,なし,なし,なし,なし,なし,なし,なし,なし,なし,蛍光管
421,西友平岸店,北海道札幌市豊平区 平岸2条10-3-28,なし,なし,なし,なし,なし,なし,なし,なし,なし,蛍光管
422,マツヤデンキ平岸店,北海道札幌市豊平区 平岸2条11-3-12,なし,なし,なし,なし,なし,なし,なし,なし,なし,蛍光管
423,マックスバリュ平岸店,北海道札幌市豊平区 平岸3条13-6-1,なし,なし,なし,なし,なし,なし,なし,なし,なし,蛍光管
424,ラルズストア平岸店,北海道札幌市豊平区 平岸5条8-1-1,なし,なし,なし,なし,なし,なし,なし,なし,なし,蛍光管
425,西友福住店,北海道札幌市豊平区 福住1条3-10,なし,なし,なし,なし,なし,なし,なし,なし,なし,蛍光管
426,イトーヨーカドー福住店,北海道札幌市豊平区 福住2条1-2-5,なし,なし,なし,なし,なし,なし,なし,なし,なし,蛍光管
427,ラルズマート美園店,北海道札幌市豊平区 美園2条1-2-1,なし,なし,なし,なし,なし,なし,なし,なし,なし,蛍光管
428,ビッグハウス里塚店,北海道札幌市清田区 美しが丘1条7-1-1,なし,なし,なし,なし,なし,なし,なし,なし,なし,蛍光管
429,パナプラザエイト電器,北海道札幌市清田区 美しが丘2条4-5-5,なし,なし,なし,なし,なし,なし,なし,なし,なし,蛍光管
430,ＤＣＭホーマック北野通店,北海道札幌市清田区 北野3条2-13-75,なし,なし,なし,なし,なし,なし,なし,なし,なし,蛍光管
431,ラルズストア北野店,北海道札幌市清田区 北野3条2-13-88,なし,なし,なし,なし,なし,なし,なし,なし,なし,蛍光管
432,ヤマダ電機テックランド清田店,北海道札幌市清田区 清田1条1-1-1,なし,なし,なし,なし,なし,なし,なし,なし,なし,蛍光管
433,さとう電器,北海道札幌市清田区 清田6条1-8-17,なし,なし,なし,なし,なし,なし,なし,なし,なし,蛍光管
434,栗山電器,北海道札幌市清田区 清田6条3-3-13,なし,なし,なし,なし,なし,なし,なし,なし,なし,蛍光管
435,デンキのコダマ,北海道札幌市清田区 里塚2条2-9-12,なし,なし,なし,なし,なし,なし,なし,なし,なし,蛍光管
436,むつみ電機,北海道札幌市清田区 真栄1条1-1-18,なし,なし,なし,なし,なし,なし,なし,なし,なし,蛍光管
437,ＤＣＭホーマック真栄店,北海道札幌市清田区 真栄4条2-1-10,なし,なし,なし,なし,なし,なし,なし,なし,なし,蛍光管
438,スーパービバホーム清田羊ヶ丘通店,北海道札幌市清田区 真栄52番地,なし,なし,なし,なし,なし,なし,なし,なし,なし,蛍光管
439,100満ボルト札幌清田店,北海道札幌市清田区 真栄56番地,なし,なし,なし,なし,なし,なし,なし,なし,なし,蛍光管
440,西友清田店,北海道札幌市清田区 平岡1条1-1-3,なし,なし,なし,なし,なし,なし,なし,なし,なし,蛍光管
441,サンロードさいとう,北海道札幌市清田区 平岡1条1-6-18,なし,なし,なし,なし,なし,なし,なし,なし,なし,蛍光管
442,イオン札幌平岡店,北海道札幌市清田区 平岡3条5-3-1,なし,なし,なし,なし,なし,なし,なし,なし,なし,蛍光管
443,東光ストア平岡店,北海道札幌市清田区 平岡7条2-2-1,なし,なし,なし,なし,なし,なし,なし,なし,なし,蛍光管
444,ＤＣＭホーマック平岡店,北海道札幌市清田区 平岡公園東3-1-1,なし,なし,なし,なし,なし,なし,なし,なし,なし,蛍光管
445,雨宮電器商会,北海道札幌市南区 石山3条7-3-21,なし,なし,なし,なし,なし,なし,なし,なし,なし,蛍光管
446,ＤＣＭホーマック川沿店,北海道札幌市南区 川沿3条1-1-74,なし,なし,なし,なし,なし,なし,なし,なし,なし,蛍光管
447,ヤマダ電機テックランド札幌南川沿店,北海道札幌市南区 川沿5条2-1-1,なし,なし,なし,なし,なし,なし,なし,なし,なし,蛍光管
448,コープさっぽろソシア店,北海道札幌市南区 川沿5条2-3,なし,なし,なし,なし,なし,なし,なし,なし,なし,蛍光管
449,ベスト電器川沿店,北海道札幌市南区 川沿5条2-3,コープさっぽろソシア店内,なし,なし,なし,なし,なし,なし,なし,なし,蛍光管
450,ビッグハウスサウス,北海道札幌市南区 川沿15条1-1-55,なし,なし,なし,なし,なし,なし,なし,なし,なし,蛍光管
451,なかむら,北海道札幌市南区 川沿18条2-1-1,なし,なし,なし,なし,なし,なし,なし,なし,なし,蛍光管
452,東光ストア自衛隊駅前店,北海道札幌市南区 澄川3条6-3-1,なし,なし,なし,なし,なし,なし,なし,なし,なし,蛍光管
453,マックスバリュ澄川店,北海道札幌市南区 澄川4条2-2-6,なし,なし,なし,なし,なし,なし,なし,なし,なし,蛍光管
454,日和電器,北海道札幌市南区 澄川4条2-2-10,なし,なし,なし,なし,なし,なし,なし,なし,なし,蛍光管
455,ＳＵＮプラザ澄川,北海道札幌市南区 澄川6条3-1-25,なし,なし,なし,なし,なし,なし,なし,なし,なし,蛍光管
456,ＤＣＭホーマック藤野店,北海道札幌市南区 藤野2条4-1-1,なし,なし,なし,なし,なし,なし,なし,なし,なし,蛍光管
457,東光ストア藤野店,北海道札幌市南区 藤野2条4-1-2,なし,なし,なし,なし,なし,なし,なし,なし,なし,蛍光管
458,いしぐろ電器商会,北海道札幌市南区 藤野3条3-1-21,なし,なし,なし,なし,なし,なし,なし,なし,なし,蛍光管
459,ジャンプ21ふじのこながや電器,北海道札幌市南区 藤野3条6-5-2,なし,なし,なし,なし,なし,なし,なし,なし,なし,蛍光管
460,アサヒ電器,北海道札幌市南区 真駒内上町3-2-11,なし,なし,なし,なし,なし,なし,なし,なし,なし,蛍光管
461,ラルズマート真駒内店,北海道札幌市南区 真駒内幸町1-2-3,なし,なし,なし,なし,なし,なし,なし,なし,なし,蛍光管
462,ウゴウ無線電機,北海道札幌市南区 南沢4条2-1-1,なし,なし,なし,なし,なし,なし,なし,なし,なし,蛍光管
463,デンキのスズキ東海店,北海道札幌市南区 南沢4条3-8-43,なし,なし,なし,なし,なし,なし,なし,なし,なし,蛍光管
464,中央地区リサイクルセンター,北海道札幌市南区 南30条西8-7-1,中央清掃事務所敷地内,なし,なし,なし,なし,なし,なし,なし,なし,蛍光管
465,コメックスインターナショナル本社,北海道札幌市南区 南38条西11-8-1,なし,なし,なし,なし,なし,なし,なし,なし,なし,蛍光管
466,イトーヨーカドー琴似店,北海道札幌市西区 琴似2条1-4-1,なし,なし,なし,なし,なし,なし,なし,なし,なし,蛍光管
467,イオン札幌琴似店,北海道札幌市西区 琴似2条4-2-2,なし,なし,なし,なし,なし,なし,なし,なし,なし,蛍光管
468,マックスバリュ琴似3条店,北海道札幌市西区 琴似3条7-5-16,なし,なし,なし,なし,なし,なし,なし,なし,なし,蛍光管
469,コープさっぽろにしの店,北海道札幌市西区 西野3条3-2-5,なし,なし,なし,なし,なし,なし,なし,なし,なし,蛍光管
470,ＤＣＭホーマック西野店,北海道札幌市西区 西野4条7-2-1,なし,なし,なし,なし,なし,なし,なし,なし,なし,蛍光管
471,宮下電機商会,北海道札幌市西区 西野5条3-5-1,なし,なし,なし,なし,なし,なし,なし,なし,なし,蛍光管
472,さかうえデンキ,北海道札幌市西区 西野8条8-4-1,なし,なし,なし,なし,なし,なし,なし,なし,なし,蛍光管
473,西友西町店,北海道札幌市西区 西町南6-1-1,なし,なし,なし,なし,なし,なし,なし,なし,なし,蛍光管
474,ヤマダ電機テックランド札幌琴似店,北海道札幌市西区 二十四軒2条1-2-46,なし,なし,なし,なし,なし,なし,なし,なし,なし,蛍光管
475,西地区リサイクルセンター,北海道札幌市西区 二十四軒4条1-5,ＪＲ高架下リサイクルプラザ二十四軒サテライト内,なし,なし,なし,なし,なし,なし,なし,なし,蛍光管
476,みよし電器,北海道札幌市西区 八軒8条東5-6-7,なし,なし,なし,なし,なし,なし,なし,なし,なし,蛍光管
477,ベルスズキ電器,北海道札幌市西区 発寒6条13-10-20,なし,なし,なし,なし,なし,なし,なし,なし,なし,蛍光管
478,ビッグハウスウエスト,北海道札幌市西区 発寒7条9-4-33,なし,なし,なし,なし,なし,なし,なし,なし,なし,蛍光管
479,イオン札幌発寒店,北海道札幌市西区 発寒8条12-1-1,なし,なし,なし,なし,なし,なし,なし,なし,なし,蛍光管
480,ＤＣＭホーマック発寒追分通店,北海道札幌市西区 発寒9条14-516-210,なし,なし,なし,なし,なし,なし,なし,なし,なし,蛍光管
481,ヤマダ電機テックランド札幌発寒店,北海道札幌市西区 発寒11条14-1069-21,なし,なし,なし,なし,なし,なし,なし,なし,なし,蛍光管
482,ケーズデンキ発寒店,北海道札幌市西区 発寒13条14-1078-15,なし,なし,なし,なし,なし,なし,なし,なし,なし,蛍光管
483,ＤＣＭホーマック発寒店,北海道札幌市西区 発寒14条4-2-15,なし,なし,なし,なし,なし,なし,なし,なし,なし,蛍光管
484,ラルズマート発寒店,北海道札幌市西区 発寒14条4-2-23,なし,なし,なし,なし,なし,なし,なし,なし,なし,蛍光管
485,クロシマ電器暖房,北海道札幌市西区 福井1-22-17,なし,なし,なし,なし,なし,なし,なし,なし,なし,蛍光管
486,西野電化,北海道札幌市西区 福井10-1-2,なし,なし,なし,なし,なし,なし,なし,なし,なし,蛍光管
487,佐々木電器,北海道札幌市西区 平和1条2-1-1,なし,なし,なし,なし,なし,なし,なし,なし,なし,蛍光管
488,コスモチェーンヨコイ,北海道札幌市西区 平和2条5-16-26,なし,なし,なし,なし,なし,なし,なし,なし,なし,蛍光管
489,西友宮の沢店,北海道札幌市西区 宮の沢1条1-1-30,なし,なし,なし,なし,なし,なし,なし,なし,なし,蛍光管
490,ＤＣＭホーマック山の手店,北海道札幌市西区 山の手1条7-4-1,なし,なし,なし,なし,なし,なし,なし,なし,なし,蛍光管
491,ラルズマート山の手店,北海道札幌市西区 山の手2条6-5-20,なし,なし,なし,なし,なし,なし,なし,なし,なし,蛍光管
492,住宅日用品センターやました,北海道札幌市手稲区 稲穂3条6-1-1,なし,なし,なし,なし,なし,なし,なし,なし,なし,蛍光管
493,ホクレンショップ新発寒店,北海道札幌市手稲区 新発寒4条1-1-60,なし,なし,なし,なし,なし,なし,なし,なし,なし,蛍光管
494,イオンスーパーセンター手稲山口店,北海道札幌市手稲区 手稲明日風6-1-1,なし,なし,なし,なし,なし,なし,なし,なし,なし,蛍光管
495,藤原電機商会,北海道札幌市手稲区 手稲本町2条3-6ー11,なし,なし,なし,なし,なし,なし,なし,なし,なし,蛍光管
496,スーパーアークス星置店,北海道札幌市手稲区 手稲山口478-1,なし,なし,なし,なし,なし,なし,なし,なし,なし,蛍光管
497,スーパービバホーム手稲富丘店,北海道札幌市手稲区 富丘2条2-2-1,なし,なし,なし,なし,なし,なし,なし,なし,なし,蛍光管
498,コープさっぽろ西宮の沢店,北海道札幌市手稲区 西宮の沢3条1-12-1,なし,なし,なし,なし,なし,なし,なし,なし,なし,蛍光管
499,北光デンキ,北海道札幌市手稲区 西宮の沢4条4-18-23,なし,なし,なし,なし,なし,なし,なし,なし,なし,蛍光管
500,ラルズストア宮の沢店,北海道札幌市手稲区 西宮の沢5条2-11-20,なし,なし,なし,なし,なし,なし,なし,なし,なし,蛍光管
501,西友手稲店,北海道札幌市手稲区 前田1条11-1-1,なし,なし,なし,なし,なし,なし,なし,なし,なし,蛍光管
502,アオト電器,北海道札幌市手稲区 前田4条10-1-15,なし,なし,なし,なし,なし,なし,なし,なし,なし,蛍光管
503,ＤＣＭホーマック手稲前田店,北海道札幌市手稲区 前田5条11-7-1,なし,なし,なし,なし,なし,なし,なし,なし,なし,蛍光管
504,ホクレンショップ前田店,北海道札幌市手稲区 前田6条15-3-30,なし,なし,なし,なし,なし,なし,なし,なし,なし,蛍光管
505,クリーンライン大室　本店,北海道札幌市中央区大通西6丁目6-9　,なし,011-231-0865,なし,なし,なし,なし,なし,なし,なし,古着
506,クリーンパートナーチャオ　西17丁目店,北海道札幌市中央区大通西17丁目1-2,なし,011-616-2292,なし,なし,なし,なし,なし,なし,なし,古着
507,札幌白洋舎株式会社　時計台前店,北海道札幌市中央区北1条西3丁目3-14,なし,011-241-0057,なし,なし,なし,なし,なし,なし,なし,古着
508,モノエクリーニング有限会社,北海道札幌市中央区北1条西23丁目2-28,なし,011-611-1581,なし,なし,なし,なし,なし,なし,なし,古着
509,株式会社クリーンライン不二屋,北海道札幌市中央区北1条西25丁目1-2,なし,011-611-1301,なし,なし,なし,なし,なし,なし,なし,古着
510,有限会社よろずやクリーニング,北海道札幌市中央区北4条西13丁目1,なし,011-241-4981,なし,なし,なし,なし,なし,なし,なし,古着
511,井元白洗舎クリーニング株式会社　桑園店,北海道札幌市中央区北4条西18丁目4番地1,メゾンドキタマルヤマサクラ１F,011-644-8933,なし,なし,なし,なし,なし,なし,なし,古着
512,クリーンパートナーチャオ　北4条店,北海道札幌市中央区北4条西19丁目1-4　,なし,011-612-2262,なし,なし,なし,なし,なし,なし,なし,古着
513,クリーンパートナーチャオ　北5条店,北海道札幌市中央区北5条西12丁目2-3,なし,011-271-2262,なし,なし,なし,なし,なし,なし,なし,古着
514,札幌白洋舎株式会社　宮の森店,北海道札幌市中央区北5条西28丁目2-2,なし,011-633-4570,なし,なし,なし,なし,なし,なし,なし,古着
515,株式会社清洗舎　本店,北海道札幌市中央区北7条西26丁目2-1,なし,011-641-9852,なし,なし,なし,なし,なし,なし,なし,古着
516,クリーンパートナーチャオ　桑園店,北海道札幌市中央区北9条西15丁目28-26　,なし,011-613-2262,なし,なし,なし,なし,なし,なし,なし,古着
517,クリーンパートナーチャオ　東2丁目店,北海道札幌市中央区北1条東2丁目4-12　,なし,011-233-2252,なし,なし,なし,なし,なし,なし,なし,古着
518,トモエクリーニング有限会社,北海道札幌市中央区北3条東9丁目4,なし,011-221-3649,なし,なし,なし,なし,なし,なし,なし,古着
519,クリーンパートナーチャオ　裏参道店,北海道札幌市中央区南1条西21丁目2-1　,なし,011-622-3996,なし,なし,なし,なし,なし,なし,なし,古着
520,クリーンパートナーチャオ　南3条店,北海道札幌市中央区南3条西8丁目1-12,なし,011-272-2239,なし,なし,なし,なし,なし,なし,なし,古着
521,山田クリーニング,北海道札幌市中央区南5条西10丁目1013,なし,011-511-3330,なし,なし,なし,なし,なし,なし,なし,古着
522,クリーンパートナーチャオ　西線6条店,北海道札幌市中央区南6条西15丁目2-7　,なし,011-562-2292,なし,なし,なし,なし,なし,なし,なし,古着
523,クリーンパートナーチャオ　南8条店,北海道札幌市中央区南8条西2丁目12　,なし,011-512-2262,なし,なし,なし,なし,なし,なし,なし,古着
524,マキヤドライ,北海道札幌市中央区南8条西14丁目3-24,なし,011-563-5488,なし,なし,なし,なし,なし,なし,なし,古着
525,クリーンパートナーチャオ　新通り店,北海道札幌市中央区南10条西6丁目6-20,なし,011-531-7658,なし,なし,なし,なし,なし,なし,なし,古着
526,有限会社ドライソフターS&S,北海道札幌市中央区南11条西1丁目3-23,なし,011-511-8788,なし,なし,なし,なし,なし,なし,なし,古着
527,井元白洗舎クリーニング株式会社　本店,北海道札幌市中央区南14条西9丁目1-1,なし,011-511-5253,なし,なし,なし,なし,なし,なし,なし,古着
528,クリーンパートナーチャオ　南14条店,北海道札幌市中央区南14条西15丁目1-3,なし,011-551-2262,なし,なし,なし,なし,なし,なし,なし,古着
529,エンパイアー伏見店,北海道札幌市中央区南14条西19丁目1-10,なし,011-520-2012,なし,なし,なし,なし,なし,なし,なし,古着
530,井元白洗舎クリーニング株式会社　南16条店,北海道札幌市中央区南16条西6丁目2-20,なし,011-521-5202,なし,なし,なし,なし,なし,なし,なし,古着
531,クリーンパートナーチャオ　山鼻店,北海道札幌市中央区南21条西11丁目4-12　,なし,011-563-3996,なし,なし,なし,なし,なし,なし,なし,古着
532,元木クリーニング商会,北海道札幌市中央区南1条東5丁目1,なし,011-251-7885,なし,なし,なし,なし,なし,なし,なし,古着
533,クリーンパートナーチャオ　バスセンター前店,北海道札幌市中央区南2条東4丁目6-3　,なし,011-221-3996,なし,なし,なし,なし,なし,なし,なし,古着
534,北地区リサイクルセンター,北海道札幌市北区あいの里2条6丁目1-10,なし,011-211-2928,なし,なし,なし,なし,なし,なし,電話はごみ減量推進担当課,古着
535,クリーンパートナーチャオ 北11条店,北海道札幌市北区北11条西1丁目2-17　,なし,011-707-2266,なし,なし,なし,なし,なし,なし,なし,古着
536,クリーンパートナーチャオ 北18条店,北海道札幌市北区北18条西4丁目1-1,なし,011-737-2262,なし,なし,なし,なし,なし,なし,なし,古着
537,エンパイアー幌北店,北海道札幌市北区北23条西5丁目2-37,なし,011-746-1420,なし,なし,なし,なし,なし,なし,なし,古着
538,染み抜き札幌林ランドリー,北海道札幌市北区新琴似10条14丁目8-23,なし,011-762-6961,なし,なし,なし,なし,なし,なし,なし,古着
539,曽川クリーニング,北海道札幌市北区新琴似10条15丁目4-11,なし,011-761-3045,なし,なし,なし,なし,なし,なし,なし,古着
540,北清掃事務所,北海道札幌市北区屯田町990-3,なし,011-772-5353,なし,なし,なし,なし,なし,なし,なし,古着
541,東清掃事務所,北海道札幌市東区丘珠町873-1　,なし,011-781-6653,なし,なし,なし,なし,なし,なし,なし,古着
542,エンパイアー北10条店,北海道札幌市東区北10条東6丁目1-22,なし,011-712-0755,なし,なし,なし,なし,なし,なし,なし,古着
543,クリーンパートナーチャオ　東区役所前店,北海道札幌市東区北11条東8丁目1-3,なし,011-712-2262,なし,なし,なし,なし,なし,なし,なし,古着
544,クリーンライン大室　元町店,北海道札幌市東区北17条東16丁目1-10　,マックスバリュ元町店内,011-785-2226,なし,なし,なし,なし,なし,なし,なし,古着
545,有限会社サンシャインクリーニング　美香保店,北海道札幌市東区北18条東8丁目2-6,スーパーエース駐車場内,011-741-4440,なし,なし,なし,なし,なし,なし,なし,古着
546,有限会社エイドクリーニング,北海道札幌市東区北26条東18丁目6-6,なし,011-784-7994,なし,なし,なし,なし,なし,なし,なし,古着
547,株式会社丸友秀美三和クリーニング,北海道札幌市東区北34条東16丁目1-5,なし,011-782-0258,なし,なし,なし,なし,なし,なし,なし,古着
548,有限会社サンシャインクリーニング,北海道札幌市東区中沼町80-10,なし,011-791-8282,なし,なし,なし,なし,なし,なし,なし,古着
549,処理場管理事務所,北海道札幌市東区東苗穂2条2丁目2-1,なし,011-783-5314,なし,なし,なし,なし,なし,なし,なし,古着
550,株式会社最上屋クリーニング商会,北海道札幌市東区伏古8条2丁目4-3,なし,011-785-6263,なし,なし,なし,なし,なし,なし,なし,古着
551,有限会社クリンアイデアル本町店,北海道札幌市東区本町1条4丁目5-18,なし,011-826-5461,なし,なし,なし,なし,なし,なし,なし,古着
552,井元白洗舎クリーニング株式会社　菊水店,北海道札幌市白石区菊水1条2丁目1-3,なし,011-815-5833,なし,なし,なし,なし,なし,なし,なし,古着
553,有限会社三かめ北海道,北海道札幌市白石区菊水1条4丁目１-29,なし,011-811-7516,なし,なし,なし,なし,なし,なし,なし,古着
554,有限会社ドライショップポパイ,北海道札幌市白石区菊水3条4丁目1-1,なし,011-812-8057,なし,なし,なし,なし,なし,なし,なし,古着
555,エンパイアー栄通店,北海道札幌市白石区栄通10丁目2-19,なし,011-857-6533,なし,なし,なし,なし,なし,なし,なし,古着
556,クリーンパートナーチャオ　本店,北海道札幌市白石区中央2条4丁目4-6　,なし,011-833-2262,なし,なし,なし,なし,なし,なし,なし,古着
557,株式会社清晃舎クリーニング　南郷8丁目店,北海道札幌市白石区南郷通8丁目南4-5,なし,011-846-8818,なし,なし,なし,なし,なし,なし,なし,古着
558,クリーンパートナーチャオ　地下鉄白石駅前店,北海道札幌市白石区東札幌3条5丁目3-15,なし,011-842-1112,なし,なし,なし,なし,なし,なし,なし,古着
559,クリーンパートナーチャオ　東札幌店,北海道札幌市白石区東札幌5条3丁目2-32,なし,011-812-5768 ,なし,なし,なし,なし,なし,なし,なし,古着
560,白石清掃事務所,北海道札幌市白石区東米里2170-1　,なし,011-876-1753,なし,なし,なし,なし,なし,なし,なし,古着
561,有限会社クリーニングショップこたか,北海道札幌市白石区平和通10丁目南3-10,なし,011-864-3523,なし,なし,なし,なし,なし,なし,なし,古着
562,有限会社なんばドライ　本店,北海道札幌市白石区本通3丁目北4-1,なし,011-861-4598,なし,なし,なし,なし,なし,なし,なし,古着
563,白樺クリーニング,北海道札幌市白石区本通17丁目南8-41,なし,011-862-2471,なし,なし,なし,なし,なし,なし,なし,古着
564,中川クリーニング,北海道札幌市厚別区厚別中央3条1丁目9-6,なし,011-891-3166,なし,なし,なし,なし,なし,なし,なし,古着
565,エンパイアー厚別店,北海道札幌市厚別区厚別東2条1丁目2-21,なし,011-898-2835,なし,なし,なし,なし,なし,なし,なし,古着
566,厚別地区リサイクルセンター,北海道札幌市厚別区厚別東3条1丁目1-10,リユースプラザ内,011-211-2928,なし,なし,なし,なし,なし,なし,電話はごみ減量推進担当課,古着
567,井元白洗舎クリーニング株式会社　大谷地店,北海道札幌市厚別区大谷地東3丁目2-1,ターミナルハイツ大谷地地下1階,011-896-7448,なし,なし,なし,なし,なし,なし,なし,古着
568,株式会社今野クリーニング　本店,北海道札幌市豊平区月寒西1条9丁目8-9,なし,011-851-0671,なし,なし,なし,なし,なし,なし,なし,古着
569,クールクリーニング,北海道札幌市豊平区月寒東2条5丁目11-9,なし,011-852-2619,なし,なし,なし,なし,なし,なし,なし,古着
570,有限会社浅井ドライクリーニング,北海道札幌市豊平区豊平2条2丁目1-10,なし,011-811-3883,なし,なし,なし,なし,なし,なし,なし,古着
571,有限会社双葉クリーニング商会,北海道札幌市豊平区豊平3条2丁目1-51,なし,011-811-2027,なし,なし,なし,なし,なし,なし,なし,古着
572,クリーンライン大室　豊平店,北海道札幌市豊平区豊平4条9丁目3-1,ザ・ビッグ豊平店内,011-824-1157,なし,なし,なし,なし,なし,なし,なし,古着
573,クリーンパートナーチャオ　中の島店,北海道札幌市豊平区中の島2条2丁目6-21,イエロー５ビル,011-815-8666,なし,なし,なし,なし,なし,なし,なし,古着
574,豊平清掃事務所,北海道札幌市豊平区西岡520,なし,011-581-9153,なし,なし,なし,なし,なし,なし,なし,古着
575,株式会社エスピードライ商会　西岡店,北海道札幌市豊平区西岡2条1丁目2-1,なし,011-852-5853,なし,なし,なし,なし,なし,なし,なし,古着
576,井元白洗舎クリーニング株式会社　水源地通店,北海道札幌市豊平区西岡4条10丁目2-1,なし,011-857-3082,なし,なし,なし,なし,なし,なし,なし,古着
577,クリーニングの白鳥,北海道札幌市豊平区平岸3条9丁目9-20　,なし,011-824-1205,なし,なし,なし,なし,なし,なし,なし,古着
578,ピュアふらんせ　北野店,北海道札幌市清田区北野5条5丁目12-18,なし,011-881-1864,なし,なし,なし,なし,なし,なし,なし,古着
579,株式会社清晃舎クリーニング　清田6条店,北海道札幌市清田区清田6条3丁目1-1,なし,011-886-0712,なし,なし,なし,なし,なし,なし,なし,古着
580,エンパイアーリーヴ平岡店,北海道札幌市清田区平岡9条1丁目10-5,なし,011-885-8570,なし,なし,なし,なし,なし,なし,なし,古着
581,有限会社大田ドライクリーニング商会,北海道札幌市南区川沿11条2丁目3-14,なし,011-571-5044,なし,なし,なし,なし,なし,なし,なし,古着
582,南清掃事務所,北海道札幌市南区真駒内602,なし,011-583-8613,なし,なし,なし,なし,なし,なし,なし,古着
583,札幌白洋舎株式会社　真駒内店,北海道札幌市南区真駒内泉町2丁目2-7,なし,011-581-3003,なし,なし,なし,なし,なし,なし,なし,古着
584,井元白洗舎クリーニング株式会社　真駒内店,北海道札幌市南区真駒内上町3丁目2-11,なし,011-581-7770,なし,なし,なし,なし,なし,なし,なし,古着
585,中央地区リサイクルセンター,北海道札幌市南区南30条西8丁目7-1,なし,011-211-2928,なし,なし,なし,なし,なし,なし,電話はごみ減量推進担当課,古着
586,エンパイアー藤野店,北海道札幌市南区藤野3条5丁目5-23,なし,011-592-8099,なし,なし,なし,なし,なし,なし,なし,古着
587,クリーンパートナーチャオ　琴似中央店,北海道札幌市西区琴似2条2丁目2-22,なし,011-614-2234,なし,なし,なし,なし,なし,なし,なし,古着
588,クリーンパートナーチャオ　琴似駅前店,北海道札幌市西区琴似2条6丁目1-10,なし,011-612-2292,なし,なし,なし,なし,なし,なし,なし,古着
589,エンパイアー西野中央店,北海道札幌市西区西野5条3丁目4-22,なし,011-662-8548,なし,なし,なし,なし,なし,なし,なし,古着
590,西地区リサイクルセンター,北海道札幌市西区二十四軒4条1丁目5,JR高架下（リサイクルプラザ二十四軒サテライト内）,011-211-2928,なし,なし,なし,なし,なし,なし,電話はごみ減量推進担当課,古着
591,株式会社三浦クリーニング店,北海道札幌市西区八軒10条西1丁目1-18,なし,011-736-0087,なし,なし,なし,なし,なし,なし,なし,古着
592,クリーンパートナーチャオ　発寒店,北海道札幌市西区発寒4条3丁目5-27,なし,011-661-5519,なし,なし,なし,なし,なし,なし,なし,古着
593,井元白洗舎クリーニング株式会社　宮の沢店,北海道札幌市西区発寒6条11丁目1-50,なし,011-667-2661,なし,なし,なし,なし,なし,なし,なし,古着
594,西清掃事務所,北海道札幌市西区発寒15条14丁目2-1　,なし,011-664-0053,なし,なし,なし,なし,なし,なし,なし,古着
595,札幌白洋舎株式会社　琴似店,北海道札幌市西区山の手6条1丁目3-34,なし,011-631-2308,なし,なし,なし,なし,なし,なし,なし,古着
596,エンパイアー前田中央店,北海道札幌市手稲区前田5条10丁目5-7,なし,011-694-1741,なし,なし,なし,なし,なし,なし,なし,古着
597,有限会社真洗舎クリーニング,北海道札幌市手稲区前田8条9丁目15-19,なし,011-683-0469,なし,なし,なし,なし,なし,なし,なし,古着
598,びっくりドンキー大通地下店,北海道札幌市中央区 大通西3,北洋ビルB2,011-207-6065,A,なし,なし,なし,なし,なし,なし,使用済み食用油
599,中央体育館,北海道札幌市中央区 大通東5-12-13,なし,011-251-1815,B,なし,なし,なし,なし,なし,なし,使用済み食用油
600,水道局本局庁舎,北海道札幌市中央区 大通東11,なし,011-211-7007,B,なし,なし,なし,なし,なし,なし,使用済み食用油
601,札幌市役所本庁舎,北海道札幌市中央区 北1条西2,なし,011-211-2052,B,なし,なし,なし,なし,なし,なし,使用済み食用油
602,本府・中央まちづくりセンター,北海道札幌市中央区 北1条西2-１,札幌時計台ビル10F,011-251-6353,B,なし,なし,なし,なし,なし,なし,使用済み食用油
603,円山まちづくりセンター,北海道札幌市中央区 北1条西23-1-18,なし,011-611-3367,B,なし,なし,なし,なし,なし,なし,使用済み食用油
604,中央消防署桑園出張所,北海道札幌市中央区 北4条西22,なし,011-631-1336,B,なし,なし,なし,なし,なし,なし,使用済み食用油
605,コスモ石油北5条西店,北海道札幌市中央区 北4条西23-1-22,なし,011-621-5131,B,なし,なし,なし,なし,なし,なし,使用済み食用油
606,コープさっぽろ植物園店,北海道札幌市中央区 北5条西11-16-1,なし,011-261-2671,B,なし,なし,なし,なし,なし,なし,使用済み食用油
607,イオン札幌桑園店,北海道札幌市中央区 北8条西14-28,なし,011-204-7200,B,なし,なし,なし,なし,なし,なし,使用済み食用油
608,キャロット本店,北海道札幌市中央区 北10条西23-2-10,なし,011-615-5858,B,なし,なし,なし,なし,なし,なし,使用済み食用油
609,コスモ石油市場第1店,北海道札幌市中央区 北12条西23-1-23,なし,011-611-2369,B,なし,なし,なし,なし,なし,なし,使用済み食用油
610,苗穂まちづくりセンター,北海道札幌市中央区 北1条東10-15-9,なし,011-261-3669,B,なし,なし,なし,なし,なし,なし,使用済み食用油
611,東北まちづくりセンター,北海道札幌市中央区 北2条東2-2-1,なし,011-251-8119,B,なし,なし,なし,なし,なし,なし,使用済み食用油
612,東まちづくりセンター,北海道札幌市中央区 南2条東6-2-1,市民ギャラリー内,011-241-1696,B,なし,なし,なし,なし,なし,なし,使用済み食用油
613,びっくりドンキー狸小路店,北海道札幌市中央区 南3条西3-11,キクヤメッセビル2F,011-219-1281,A,なし,なし,なし,なし,なし,なし,使用済み食用油
614,中央区役所,北海道札幌市中央区 南3条西11,なし,011-205-3205,B,なし,なし,なし,なし,なし,なし,使用済み食用油
615,中央消防署,北海道札幌市中央区 南4条西10,なし,011-215-2130,B,なし,なし,なし,なし,なし,なし,使用済み食用油
616,エネオス札幌西線店,北海道札幌市中央区 南4条西14-1-27,なし,011-561-0150,B,なし,なし,なし,なし,なし,なし,使用済み食用油
617,びっくりドンキーすすきの南5条店,北海道札幌市中央区 南5条西2-8-10,なし,011-520-7621,A,なし,なし,なし,なし,なし,なし,使用済み食用油
618,C&Cキャロットすすきの店,北海道札幌市中央区 南7条西2-2-1,なし,011-530-2777,B,なし,なし,なし,なし,なし,なし,使用済み食用油
619,びっくりドンキー石山通り店,北海道札幌市中央区 南7条西11-1281-3,なし,011-520-1141,A,なし,なし,なし,なし,なし,なし,使用済み食用油
620,ペペサーレ石山通り店,北海道札幌市中央区 南7条西11-1281-3,なし,011-520-1145,A,なし,なし,なし,なし,なし,なし,使用済み食用油
621,中央消防署豊水出張所,北海道札幌市中央区 南8条西2,なし,011-511-9348,B,なし,なし,なし,なし,なし,なし,使用済み食用油
622,旭山公園通地区センター,北海道札幌市中央区 南9条西18-1-32,なし,011-520-1700,B,なし,なし,なし,なし,なし,なし,使用済み食用油
623,エネオス旭ヶ丘店,北海道札幌市中央区 南9条西21-5-15,なし,011-551-4311,B,なし,なし,なし,なし,なし,なし,使用済み食用油
624,中央消防署幌西出張所,北海道札幌市中央区 南11条西21,なし,011-561-2419,B,なし,なし,なし,なし,なし,なし,使用済み食用油
625,ラルズマート啓明店,北海道札幌市中央区 南11条西21-4-21,なし,011-530-5500,B,なし,なし,なし,なし,なし,なし,使用済み食用油
626,ラルズマート山鼻店,北海道札幌市中央区 南12条西11-2-10,なし,011-521-6677,B,なし,なし,なし,なし,なし,なし,使用済み食用油
627,マックスバリュ南15条店,北海道札幌市中央区 南15条西14-1-22,なし,011-520-2301,B,なし,なし,なし,なし,なし,なし,使用済み食用油
628,ラルズマート16条店,北海道札幌市中央区 南16条西8-2-15,なし,011-511-3223,B,なし,なし,なし,なし,なし,なし,使用済み食用油
629,中央消防署山鼻出張所,北海道札幌市中央区 南23条西10,なし,011-561-2416,B,なし,なし,なし,なし,なし,なし,使用済み食用油
630,タイヤ館山鼻,北海道札幌市中央区 南23条西14-3-17,なし,011-533-1234,B,なし,なし,なし,なし,なし,なし,使用済み食用油
631,中島体育センター,北海道札幌市中央区 中島公園1-5,なし,011-530-5906,B,なし,なし,なし,なし,なし,なし,使用済み食用油
632,中央消防署宮の森出張所,北海道札幌市中央区 宮の森2条11,なし,011-642-9111,B,なし,なし,なし,なし,なし,なし,使用済み食用油
633,円山総合運動場,北海道札幌市中央区 宮ケ丘3,なし,011-641-3015,B,なし,なし,なし,なし,なし,なし,使用済み食用油
634,鉄西まちづくりセンター,北海道札幌市北区 北10条西4-1-12,なし,011-726-5285,B,なし,なし,なし,なし,なし,なし,使用済み食用油
635,コープさっぽろ北12条店,北海道札幌市北区 北12条西1-1-5,なし,011-746-4891,B,なし,なし,なし,なし,なし,なし,使用済み食用油
636,北消防署幌北出張所,北海道札幌市北区 北15条西5,なし,011-746-1924,B,なし,なし,なし,なし,なし,なし,使用済み食用油
637,幌北まちづくりセンター,北海道札幌市北区 北17条西5-1-7,なし,011-726-6345,B,なし,なし,なし,なし,なし,なし,使用済み食用油
638,エネオスセルフ北１９条店,北海道札幌市北区 北19条西5-2-1,なし,011-758-1666,B,なし,なし,なし,なし,なし,なし,使用済み食用油
639,北区役所,北海道札幌市北区 北24条西6-1-1,なし,011-757-2403,B,なし,なし,なし,なし,なし,なし,使用済み食用油
640,北消防署,北海道札幌市北区 北24条西8,なし,011-737-2100,B,なし,なし,なし,なし,なし,なし,使用済み食用油
641,スーパーアークス北24条店,北海道札幌市北区 北24条西9-1-1,なし,011-708-0333,B,なし,なし,なし,なし,なし,なし,使用済み食用油
642,北まちづくりセンター,北海道札幌市北区 北29条西7-3-15,なし,011-726-4385,B,なし,なし,なし,なし,なし,なし,使用済み食用油
643,エネオス新川東店,北海道札幌市北区 北31条西14-159,なし,011-709-5411,B,なし,なし,なし,なし,なし,なし,使用済み食用油
644,コスモ石油北３２条店,北海道札幌市北区 32条西11-1-25,なし,011-756-5605,B,なし,なし,なし,なし,なし,なし,使用済み食用油
645,マックスバリュ北32条店,北海道札幌市北区 北32条西13-1-1,なし,011-700-2871,B,なし,なし,なし,なし,なし,なし,使用済み食用油
646,麻生まちづくりセンター,北海道札幌市北区 北39条西5-3-5,麻生総合センター内,011-757-5810,B,なし,なし,なし,なし,なし,なし,使用済み食用油
647,札幌市下水道科学館,北海道札幌市北区 麻生町8,なし,011-791-1811,B,なし,なし,なし,なし,なし,なし,使用済み食用油
648,コープさっぽろあいの里店,北海道札幌市北区 あいの里1条5-2,なし,011-778-8247,B,なし,なし,なし,なし,なし,なし,使用済み食用油
649,拓北・あいの里まちづくりセンター,北海道札幌市北区 あいの里1条6-1-1,拓北・あいの里地区センター内,011-778-2355,B,なし,なし,なし,なし,なし,なし,使用済み食用油
650,北消防署あいの里出張所,北海道札幌市北区 あいの里2条1,なし,011-774-0119,B,なし,なし,なし,なし,なし,なし,使用済み食用油
651,北地区リサイクルセンター,北海道札幌市北区 あいの里2条6-1-10,なし,011-211-2928,B,なし,なし,なし,なし,なし,なし,使用済み食用油
652,DCMホーマック篠路店,北海道札幌市北区 篠路1条1-1-10,なし,011-773-1496,B,なし,なし,なし,なし,なし,なし,使用済み食用油
653,北消防署篠路出張所,北海道札幌市北区 篠路2条4,なし,011-771-2510,B,なし,なし,なし,なし,なし,なし,使用済み食用油
654,篠路コミュニティーセンター,北海道札幌市北区 篠路3条8-11-1,なし,011-771-3700,B,なし,なし,なし,なし,なし,なし,使用済み食用油
655,スーパーアークスノース,北海道札幌市北区 篠路3条9-2-15,なし,011-776-3500,B,なし,なし,なし,なし,なし,なし,使用済み食用油
656,篠路まちづくりセンター,北海道札幌市北区 篠路4条7-2-40,なし,011-771-2231,B,なし,なし,なし,なし,なし,なし,使用済み食用油
657,動物管理センター福移支所,北海道札幌市北区 篠路町福移156,なし,011-791-1811,B,なし,なし,なし,なし,なし,なし,使用済み食用油
658,北消防署新川出張所,北海道札幌市北区 新川1条3,なし,011-761-1333,B,なし,なし,なし,なし,なし,なし,使用済み食用油
659,新川まちづくりセンター,北海道札幌市北区 新川1条4-4-26,なし,011-762-2604,B,なし,なし,なし,なし,なし,なし,使用済み食用油
660,コスモ石油札幌新川店,北海道札幌市北区 新川3条17-1-1,なし,011-769-8581,B,なし,なし,なし,なし,なし,なし,使用済み食用油
661,ビッグハウス新川店,北海道札幌市北区 新川6条14-1-1,なし,011-769-6116,B,なし,なし,なし,なし,なし,なし,使用済み食用油
662,スーパーアークスエクスプレス,北海道札幌市北区 新川西1条4-1-1,なし,011-765-5600,B,なし,なし,なし,なし,なし,なし,使用済み食用油
663,北消防署新光出張所,北海道札幌市北区 新琴似1条12,なし,011-764-8844,B,なし,なし,なし,なし,なし,なし,使用済み食用油
664,コープさっぽろ新琴似南店,北海道札幌市北区 新琴似2条7-1-50,なし,011-762-3071,B,なし,なし,なし,なし,なし,なし,使用済み食用油
665,新琴似・新川地区センター,北海道札幌市北区 新琴似2条8-1-20,なし,011-765-5910,B,なし,なし,なし,なし,なし,なし,使用済み食用油
666,コスモ石油新琴似通り店,北海道札幌市北区 新琴似3条6-5-20,なし,011-764-3561,B,なし,なし,なし,なし,なし,なし,使用済み食用油
667,びっくりドンキー麻生店,北海道札幌市北区 新琴似7条1-2,なし,011-700-2216,A,なし,なし,なし,なし,なし,なし,使用済み食用油
668,新琴似まちづくりセンター,北海道札幌市北区 新琴似7条4-1-3,プラザ新琴似内,011-771-9180,B,なし,なし,なし,なし,なし,なし,使用済み食用油
669,新琴似西まちづくりセンター,北海道札幌市北区 新琴似7条14-1-17,なし,011-762-8767,B,なし,なし,なし,なし,なし,なし,使用済み食用油
670,北区体育館,北海道札幌市北区 新琴似8条2-1-25,なし,011-763-1522,B,なし,なし,なし,なし,なし,なし,使用済み食用油
671,北消防署新琴似出張所,北海道札幌市北区 新琴似8条4,なし,011-761-0718,B,なし,なし,なし,なし,なし,なし,使用済み食用油
672,マックスバリュ新琴似店,北海道札幌市北区 新琴似10条2-1,なし,011-769-5701,B,なし,なし,なし,なし,なし,なし,使用済み食用油
673,ビッグハウス太平店,北海道札幌市北区 太平4条1-3-1,なし,011-773-0180,B,なし,なし,なし,なし,なし,なし,使用済み食用油
674,コスモ石油篠路太平店,北海道札幌市北区 太平5条5-4-8,なし,011-772-7750,B,なし,なし,なし,なし,なし,なし,使用済み食用油
675,太平百合が原まちづくりセンター,北海道札幌市北区 太平8条7-2-1,なし,011-771-9180,B,なし,なし,なし,なし,なし,なし,使用済み食用油
676,びっくりドンキーファーム太平店,北海道札幌市北区 太平9条1-2-3,なし,011-770-2182,A,なし,なし,なし,なし,なし,なし,使用済み食用油
677,太平百合が原地区センター,北海道札幌市北区 太平12条2-1-17,なし,011-770-6531,B,なし,なし,なし,なし,なし,なし,使用済み食用油
678,屯田まちづくりセンター,北海道札幌市北区 屯田5条6-3-21,屯田地区センター内,011-772-1260,B,なし,なし,なし,なし,なし,なし,使用済み食用油
679,コープさっぽろ屯田店,北海道札幌市北区 屯田5条7-1-1,なし,011-772-8551,B,なし,なし,なし,なし,なし,なし,使用済み食用油
680,北消防署屯田出張所,北海道札幌市北区 屯田5条10,なし,011-771-0311,B,なし,なし,なし,なし,なし,なし,使用済み食用油
681,コスモ石油セルフ屯田７条店,北海道札幌市北区 屯田7条4-7-1,なし,011-775-7795,B,なし,なし,なし,なし,なし,なし,使用済み食用油
682,イトーヨーカドー屯田店,北海道札幌市北区 屯田8条3-5-1,なし,011-775-2111,B,なし,なし,なし,なし,なし,なし,使用済み食用油
683,ホクレンショップ屯田8条店,北海道札幌市北区 屯田8条10-6-1,なし,011-775-1131,B,なし,なし,なし,なし,なし,なし,使用済み食用油
684,北清掃事務所,北海道札幌市北区 屯田町990,なし,011-772-5353,B,なし,なし,なし,なし,なし,なし,使用済み食用油
685,百合が原公園リリートレイン駅,北海道札幌市北区 百合が原公園210,なし,011-772-4722,B,なし,なし,なし,なし,なし,なし,使用済み食用油
686,イオン札幌苗穂店,北海道札幌市東区 東苗穂2条3-1-1,なし,011-780-7600,B,なし,なし,なし,なし,なし,なし,使用済み食用油
687,東消防署札苗出張所,北海道札幌市東区 東苗穂4条2,なし,011-782-7019,B,なし,なし,なし,なし,なし,なし,使用済み食用油
688,札苗まちづくりセンター,北海道札幌市東区 東苗穂7条2-2-30,なし,011-783-3608,B,なし,なし,なし,なし,なし,なし,使用済み食用油
689,ホクレンショップ東苗穂店,北海道札幌市東区 東苗穂8条1-18-1,なし,011-791-7071,B,なし,なし,なし,なし,なし,なし,使用済み食用油
690,ザ・ビッグエクスプレスモエレ店,北海道札幌市東区 東苗穂13条2-12-1,なし,011-791-6070,B,なし,なし,なし,なし,なし,なし,使用済み食用油
691,苗穂東まちづくりセンター,北海道札幌市東区 苗穂町3-3-45,なし,011-742-4427,B,なし,なし,なし,なし,なし,なし,使用済み食用油
692,DCMホーマック東雁来店,北海道札幌市東区 東雁来10条3-1-1,なし,011-790-5011,B,なし,なし,なし,なし,なし,なし,使用済み食用油
693,マックスバリュ東雁来店,北海道札幌市東区 東雁来10条3-1-6,なし,011-790-1141,B,なし,なし,なし,なし,なし,なし,使用済み食用油
694,伏古本町まちづくりセンター,北海道札幌市東区 伏古3条3-2-10,なし,011-784-5534,B,なし,なし,なし,なし,なし,なし,使用済み食用油
695,ラルズマート伏古店,北海道札幌市東区 伏古6条3-4-1,なし,011-786-6770,B,なし,なし,なし,なし,なし,なし,使用済み食用油
696,びっくりドンキー伏古店,北海道札幌市東区 伏古10条4-2-7,なし,011-780-2379,A,なし,なし,なし,なし,なし,なし,使用済み食用油
697,コープさっぽろ新道店,北海道札幌市東区 伏古11条3-1-45,なし,011-783-1961,B,なし,なし,なし,なし,なし,なし,使用済み食用油
698,コスモ石油丘珠空港通店,北海道札幌市東区 伏古14条3-10-20,なし,011-786-2611,B,なし,なし,なし,なし,なし,なし,使用済み食用油
699,イトーヨーカドーアリオ札幌店,北海道札幌市東区 北7条東9-2-20,なし,011-712-1111,B,なし,なし,なし,なし,なし,なし,使用済み食用油
700,スーパーアークス苗穂店,北海道札幌市東区 北7条東18-2-10,なし,011-753-2525,B,なし,なし,なし,なし,なし,なし,使用済み食用油
701,東消防署苗穂出張所,北海道札幌市東区 北8条東11,なし,011-750-0119,B,なし,なし,なし,なし,なし,なし,使用済み食用油
702,鉄東まちづくりセンター,北海道札幌市東区 北9条東5-2-8,なし,011-721-3105,B,なし,なし,なし,なし,なし,なし,使用済み食用油
703,東区役所,北海道札幌市東区 北11条東7-1-1,なし,011-741-2409,B,なし,なし,なし,なし,なし,なし,使用済み食用油
704,マックスバリュ光星店,北海道札幌市東区 北13条東7-2,なし,011-743-3611,B,なし,なし,なし,なし,なし,なし,使用済み食用油
705,ビッグハウス光星店,北海道札幌市東区 北14条東3-1-30,なし,011-712-0112,B,なし,なし,なし,なし,なし,なし,使用済み食用油
706,コスモ石油北15条東店,北海道札幌市東区 北15条東18-1-28,なし,011-781-7448,B,なし,なし,なし,なし,なし,なし,使用済み食用油
707,東温水プール,北海道札幌市東区 北16条東16,なし,011-785-6812,B,なし,なし,なし,なし,なし,なし,使用済み食用油
708,タイヤ館北16条環状通,北海道札幌市東区 北16条東18-3-25,なし,011-785-3600,B,なし,なし,なし,なし,なし,なし,使用済み食用油
709,マックスバリュ元町店,北海道札幌市東区 北17条東16-1-10,なし,011-782-1811,B,なし,なし,なし,なし,なし,なし,使用済み食用油
710,北光まちづくりセンター,北海道札幌市東区 北18条東5-1-1,なし,011-721-1271,B,なし,なし,なし,なし,なし,なし,使用済み食用油
711,エネオス元町店,北海道札幌市東区 北18条東16-1-2,なし,011-781-1545,B,なし,なし,なし,なし,なし,なし,使用済み食用油
712,コープさっぽろ元町店,北海道札幌市東区 北21条東16-2-12,なし,011-781-8052,B,なし,なし,なし,なし,なし,なし,使用済み食用油
713,美香保体育館,北海道札幌市東区 北22条東5,なし,011-741-1972,B,なし,なし,なし,なし,なし,なし,使用済み食用油
714,びっくりドンキー美香保店,北海道札幌市東区 北22条東8-16-1,なし,011-750-2921,A,なし,なし,なし,なし,なし,なし,使用済み食用油
715,東消防署,北海道札幌市東区 北24条東17,なし,011-781-2100,B,なし,なし,なし,なし,なし,なし,使用済み食用油
716,北栄まちづくりセンター,北海道札幌市東区 北25条東7-3-18,なし,011-721-6336,B,なし,なし,なし,なし,なし,なし,使用済み食用油
717,C&Cキャロット北光店,北海道札幌市東区 北26条東8-1-22,なし,011-712-2777,B,なし,なし,なし,なし,なし,なし,使用済み食用油
718,マックスバリュ北26条店,北海道札幌市東区 北26条東15-1-20,なし,011-750-5511,B,なし,なし,なし,なし,なし,なし,使用済み食用油
719,東区体育館,北海道札幌市東区 北27条東14-3-1,なし,011-751-5250,B,なし,なし,なし,なし,なし,なし,使用済み食用油
720,イオン札幌元町店,北海道札幌市東区 北31条東15-1-1,なし,011-750-5200,B,なし,なし,なし,なし,なし,なし,使用済み食用油
721,東消防署北栄出張所,北海道札幌市東区 北39条東1,なし,011-731-1566,B,なし,なし,なし,なし,なし,なし,使用済み食用油
722,マックスバリュエクスプレス新道店,北海道札幌市東区 北34条東16-1-30,なし,011-784-5321,B,なし,なし,なし,なし,なし,なし,使用済み食用油
723,ラルズマート北35条店,北海道札幌市東区 北35条東4-1-1,なし,011-712-3338,B,なし,なし,なし,なし,なし,なし,使用済み食用油
724,エネオスチャレンジ北39条店,北海道札幌市東区 北39条東15-536,なし,011-753-7200,B,なし,なし,なし,なし,なし,なし,使用済み食用油
725,マックスバリュ北40条店,北海道札幌市東区 北40条東1-3-1,なし,011-748-6600,B,なし,なし,なし,なし,なし,なし,使用済み食用油
726,東老人福祉センター,北海道札幌市東区 北41条東14-1-1,なし,011-741-1000,B,なし,なし,なし,なし,なし,なし,使用済み食用油
727,栄東まちづくりセンター,北海道札幌市東区 北41条東14-3-1,なし,011-711-2203,B,なし,なし,なし,なし,なし,なし,使用済み食用油
728,ザ・ビックエクスプレス栄町店,北海道札幌市東区 北41条東17-4-1,なし,011-781-8700,B,なし,なし,なし,なし,なし,なし,使用済み食用油
729,栄西まちづくりセンター,北海道札幌市東区 北42条東4-1-26,なし,011-752-9536,B,なし,なし,なし,なし,なし,なし,使用済み食用油
730,東消防署栄出張所,北海道札幌市東区 北46条東14,なし,011-751-1381,B,なし,なし,なし,なし,なし,なし,使用済み食用油
731,ホクレンショップ49条店,北海道札幌市東区 北49条東15-723-1,なし,011-733-2661,B,なし,なし,なし,なし,なし,なし,使用済み食用油
732,プライスマート苗穂店,北海道札幌市東区 本町2条6-6-50,なし,011-781-1761,B,なし,なし,なし,なし,なし,なし,使用済み食用油
733,つどーむ,北海道札幌市東区 栄町885-1,なし,011-784-2106,B,なし,なし,なし,なし,なし,なし,使用済み食用油
734,東消防署丘珠出張所,北海道札幌市東区 北丘珠1条2,なし,011-784-5119,B,なし,なし,なし,なし,なし,なし,使用済み食用油
735,丘珠まちづくりセンター,北海道札幌市東区 丘珠町183-2,なし,011-781-4283,B,なし,なし,なし,なし,なし,なし,使用済み食用油
736,さっぽろさとらんどセンター,北海道札幌市東区 丘珠町584,なし,011-787-0223,B,なし,なし,なし,なし,なし,なし,使用済み食用油
737,東清掃事務所,北海道札幌市東区 丘珠町873,なし,011-781-6653,B,なし,なし,なし,なし,なし,なし,使用済み食用油
738,コープさっぽろ川下店,北海道札幌市白石区 川下3条4-1-1,なし,011-872-4731,B,なし,なし,なし,なし,なし,なし,使用済み食用油
739,ラルズマート新ほくと店,北海道札幌市白石区 川下4条1-1-1,なし,011-879-2002,B,なし,なし,なし,なし,なし,なし,使用済み食用油
740,川下公園,北海道札幌市白石区 川下2651,なし,011-879-5311,B,なし,なし,なし,なし,なし,なし,使用済み食用油
741,マックスバリュ菊水店,北海道札幌市白石区 菊水2条2-1-11,なし,011-841-6860,B,なし,なし,なし,なし,なし,なし,使用済み食用油
742,エネオス菊水店,北海道札幌市白石区 菊水3条2-1-28,なし,011-822-6021,B,なし,なし,なし,なし,なし,なし,使用済み食用油
743,スーパーアークス菊水店,北海道札幌市白石区 菊水3条5-2-25,なし,011-837-5757,B,なし,なし,なし,なし,なし,なし,使用済み食用油
744,コープさっぽろ菊水元町店,北海道札幌市白石区 菊水元町6条1-8-21,なし,011-871-4997,B,なし,なし,なし,なし,なし,なし,使用済み食用油
745,白石消防署元町出張所,北海道札幌市白石区 菊水元町8条2,なし,011-874-9238,B,なし,なし,なし,なし,なし,なし,使用済み食用油
746,白石消防署菊水出張所,北海道札幌市白石区 菊水上町1条3,なし,011-811-1615,B,なし,なし,なし,なし,なし,なし,使用済み食用油
747,北白石まちづくりセンター,北海道札幌市白石区 北郷2条3-11-21,なし,011-874-0293,B,なし,なし,なし,なし,なし,なし,使用済み食用油
748,コープさっぽろ北郷店,北海道札幌市白石区 北郷2条4-4-10,なし,011-871-3030,B,なし,なし,なし,なし,なし,なし,使用済み食用油
749,タイヤ館北郷店,北海道札幌市白石区 北郷2条7-4-15,なし,011-872-6255,B,なし,なし,なし,なし,なし,なし,使用済み食用油
750,マックスバリュ北郷店,北海道札幌市白石区 北郷2条7-6-25,なし,011-874-7172,B,なし,なし,なし,なし,なし,なし,使用済み食用油
751,白石消防署北郷出張所,北海道札幌市白石区 北郷3条5,なし,011-871-8235,B,なし,なし,なし,なし,なし,なし,使用済み食用油
752,エネオス北郷ｲﾝﾀｰ店,北海道札幌市白石区 北郷6条7-2-3,なし,011-872-7211,B,なし,なし,なし,なし,なし,なし,使用済み食用油
753,白石老人福祉センター,北海道札幌市白石区 栄通6-19-20,なし,011-851-1551,B,なし,なし,なし,なし,なし,なし,使用済み食用油
754,コープさっぽろLUCY店,北海道札幌市白石区 栄通18-5-35,なし,011-854-4811,B,なし,なし,なし,なし,なし,なし,使用済み食用油
755,エネオス栄通店,北海道札幌市白石区 栄通20-1-31,なし,011-851-5113,B,なし,なし,なし,なし,なし,なし,使用済み食用油
756,びっくりドンキー白石中央店,北海道札幌市白石区 中央2条6-10-1,なし,011-860-8850,A,なし,なし,なし,なし,なし,なし,使用済み食用油
757,末廣屋電機株式会社東札幌ショールーム,北海道札幌市白石区 東札幌1条2-1-1,なし,011-832-0022,B,なし,なし,なし,なし,なし,なし,使用済み食用油
758,東札幌まちづくりセンター,北海道札幌市白石区 東札幌2条4-3-14,なし,011-811-9355,B,なし,なし,なし,なし,なし,なし,使用済み食用油
759,マックスバリュ東札幌店,北海道札幌市白石区 東札幌4条1-1-1,なし,011-820-6700,B,なし,なし,なし,なし,なし,なし,使用済み食用油
760,白石消防署,北海道札幌市白石区 南郷通6-北,なし,011-861-2100,B,なし,なし,なし,なし,なし,なし,使用済み食用油
761,白石区体育館,北海道札幌市白石区 南郷通6-北1,なし,011-861-4014,B,なし,なし,なし,なし,なし,なし,使用済み食用油
762,びっくりドンキー南郷通店,北海道札幌市白石区 南郷通9-北1-10,なし,011-860-6070,A,なし,なし,なし,なし,なし,なし,使用済み食用油
763,白石区役所,北海道札幌市白石区 南郷通１-南8-1,なし,011-861-2405,B,なし,なし,なし,なし,なし,なし,使用済み食用油
764,ビッグハウス白石店,北海道札幌市白石区 平和通3-北1-1,なし,011-868-0730,B,なし,なし,なし,なし,なし,なし,使用済み食用油
765,白石温水プール,北海道札幌市白石区 平和通1-南2-5,なし,011-846-0004,B,なし,なし,なし,なし,なし,なし,使用済み食用油
766,ザ・ビッグクスプレス白石中央店,北海道札幌市白石区 本通2-北8-45,なし,011-863-4680,B,なし,なし,なし,なし,なし,なし,使用済み食用油
767,ダイイチ白石神社前店,北海道札幌市白石区 本通13-北3-39,なし,011-860-5566,B,なし,なし,なし,なし,なし,なし,使用済み食用油
768,白石消防署東白石出張所,北海道札幌市白石区 本通18-北,なし,011-864-9111,B,なし,なし,なし,なし,なし,なし,使用済み食用油
769,コスモ石油大谷地流通ｾﾝﾀｰ店,北海道札幌市白石区 本通20-北1-65,なし,011-862-1943,B,なし,なし,なし,なし,なし,なし,使用済み食用油
770,コスモ石油ローズアベニュー白石店,北海道札幌市白石区 本通1-南2-10,なし,011-861-4370,B,なし,なし,なし,なし,なし,なし,使用済み食用油
771,計量検査所,北海道札幌市白石区 本通7-南7-20,なし,011-846-6681,B,なし,なし,なし,なし,なし,なし,使用済み食用油
772,コープさっぽろほんどおり店,北海道札幌市白石区 本通8-南1-1,なし,011-861-7172,B,なし,なし,なし,なし,なし,なし,使用済み食用油
773,白石東まちづくりセンター,北海道札幌市白石区 本通18-南2-6,なし,011-862-0813,B,なし,なし,なし,なし,なし,なし,使用済み食用油
774,白石清掃事務所,北海道札幌市白石区 東米里2170,なし,011-876-1753,B,なし,なし,なし,なし,なし,なし,使用済み食用油
775,交通局本局庁舎,北海道札幌市厚別区 大谷地東2-4-1,なし,011-896-2708,B,なし,なし,なし,なし,なし,なし,使用済み食用油
776,大谷地バスターミナル,北海道札幌市厚別区 大谷地東3-2-1,なし,011-891-3615,B,なし,なし,なし,なし,なし,なし,使用済み食用油
777,札幌フードセンター森林公園店,北海道札幌市厚別区 厚別北2条5-1-1,なし,011-891-5511,B,なし,なし,なし,なし,なし,なし,使用済み食用油
778,厚別区民センター,北海道札幌市厚別区 厚別中央1条5-3-14,なし,011-894-1581,B,なし,なし,なし,なし,なし,なし,使用済み食用油
779,厚別消防署,北海道札幌市厚別区 厚別中央1条5,なし,011-892-2100,B,なし,なし,なし,なし,なし,なし,使用済み食用油
780,厚別老人福祉センター,北海道札幌市厚別区 厚別中央1条7-17-25,なし,011-892-2211,B,なし,なし,なし,なし,なし,なし,使用済み食用油
781,ビッグハウスイースト,北海道札幌市厚別区 厚別中央2条2-2-6,なし,011-896-6600,B,なし,なし,なし,なし,なし,なし,使用済み食用油
782,厚別区体育館,北海道札幌市厚別区 厚別中央2条5-1-20,なし,011-892-0362,B,なし,なし,なし,なし,なし,なし,使用済み食用油
783,厚別温水プール,北海道札幌市厚別区 厚別中央2条6-3-1,なし,011-896-1861,B,なし,なし,なし,なし,なし,なし,使用済み食用油
784,C&Cキャロット新さっぽろ店,北海道札幌市厚別区 厚別中央3条4-6-2,なし,011-893-9000,B,なし,なし,なし,なし,なし,なし,使用済み食用油
785,エネオスチャレンジ新さっぽろ店,北海道札幌市厚別区 厚別中央3条6-1-11,なし,011-894-8412,B,なし,なし,なし,なし,なし,なし,使用済み食用油
786,厚別中央まちづくりセンター,北海道札幌市厚別区 厚別中央4条3-3-6,なし,011-891-3907,B,なし,なし,なし,なし,なし,なし,使用済み食用油
787,厚別西まちづくりセンター,北海道札幌市厚別区 厚別西2条3-8-31,なし,011-891-4555,B,なし,なし,なし,なし,なし,なし,使用済み食用油
788,厚別消防署厚別西出張所,北海道札幌市厚別区 厚別西3条5,なし,011-894-3119,B,なし,なし,なし,なし,なし,なし,使用済み食用油
789,マックスバリュ厚別東店,北海道札幌市厚別区 厚別東1条1-3-1,なし,011-809-5611,B,なし,なし,なし,なし,なし,なし,使用済み食用油
790,厚別地区リサイクルセンター,北海道札幌市厚別区 厚別東3条1-1-10,リユースプラザ内,011-375-1133,B,なし,なし,なし,なし,なし,なし,使用済み食用油
791,DCMホーマック厚別東店,北海道札幌市厚別区 厚別東5条1-2-10,なし,011-809-5000,B,なし,なし,なし,なし,なし,なし,使用済み食用油
792,厚別南まちづくりセンター,北海道札幌市厚別区 厚別南1-15-10,なし,011-891-1666,B,なし,なし,なし,なし,なし,なし,使用済み食用油
793,コープさっぽろひばりが丘店,北海道札幌市厚別区 厚別南1-9-1,なし,011-891-7571,B,なし,なし,なし,なし,なし,なし,使用済み食用油
794,びっくりドンキーひばりヶ丘店,北海道札幌市厚別区 厚別南2-10,なし,011-801-2045,A,なし,なし,なし,なし,なし,なし,使用済み食用油
795,マックスバリュ厚別店,北海道札幌市厚別区 厚別南5-22-50,なし,011-896-7111,B,なし,なし,なし,なし,なし,なし,使用済み食用油
796,厚別公園競技場,北海道札幌市厚別区 上野幌3条1,なし,011-894-1144,B,なし,なし,なし,なし,なし,なし,使用済み食用油
797,エネオスベニータウン店,北海道札幌市厚別区 上野幌3条4-18-1,なし,011-895-6767,B,なし,なし,なし,なし,なし,なし,使用済み食用油
798,厚別消防署もみじ台出張所,北海道札幌市厚別区 もみじ台北7,なし,011-897-4119,B,なし,なし,なし,なし,なし,なし,使用済み食用油
799,コスモ石油もみじ台店,北海道札幌市厚別区 もみじ台北7-1-6,なし,011-897-8059,B,なし,なし,なし,なし,なし,なし,使用済み食用油
800,豊平消防署美園出張所,北海道札幌市豊平区 豊平1条12,なし,011-831-7930,B,なし,なし,なし,なし,なし,なし,使用済み食用油
801,ザ・ビッグ豊平店,北海道札幌市豊平区 豊平4条9-3-1,なし,011-823-7077,B,なし,なし,なし,なし,なし,なし,使用済み食用油
802,豊平公園緑のセンター,北海道札幌市豊平区 豊平5条13,なし,011-811-6568,B,なし,なし,なし,なし,なし,なし,使用済み食用油
803,豊平料金センター,北海道札幌市豊平区 豊平8条10-2-1,なし,011-812-7200,B,なし,なし,なし,なし,なし,なし,使用済み食用油
804,札幌フードセンター月寒中央店,北海道札幌市豊平区 月寒中央通7-6-20,なし,011-854-0021,B,なし,なし,なし,なし,なし,なし,使用済み食用油
805,豊平消防署,北海道札幌市豊平区 月寒東1条8,なし,011-852-2100,B,なし,なし,なし,なし,なし,なし,使用済み食用油
806,月寒体育館,北海道札幌市豊平区 月寒東1条8,なし,011-851-1972,B,なし,なし,なし,なし,なし,なし,使用済み食用油
807,どうぎんカーリングスタジアム,北海道札幌市豊平区 月寒東1条9,なし,011-853-4572,B,なし,なし,なし,なし,なし,なし,使用済み食用油
808,豊平区体育館,北海道札幌市豊平区 月寒東2条20-4-15,なし,011-855-0791,B,なし,なし,なし,なし,なし,なし,使用済み食用油
809,スーパーアークス月寒東店,北海道札幌市豊平区 月寒東3条8-1-30,なし,011-851-5115,B,なし,なし,なし,なし,なし,なし,使用済み食用油
810,東月寒地区センター,北海道札幌市豊平区 月寒東3条18-5-1,なし,011-853-2011,B,なし,なし,なし,なし,なし,なし,使用済み食用油
811,コープさっぽろ月寒ひがし店,北海道札幌市豊平区 月寒東4条11-3-10,月寒東ショッピングセンター内,011-851-7600,B,なし,なし,なし,なし,なし,なし,使用済み食用油
812,DCMホーマック西岡店,北海道札幌市豊平区 西岡1条8-8-1,なし,011-858-1700,B,なし,なし,なし,なし,なし,なし,使用済み食用油
813,イオン札幌西岡店,北海道札幌市豊平区 西岡3条3-4-1,なし,011-856-1000,B,なし,なし,なし,なし,なし,なし,使用済み食用油
814,ザ・ビッグ西岡店,北海道札幌市豊平区 西岡3条7-220,なし,011-855-0077,B,なし,なし,なし,なし,なし,なし,使用済み食用油
815,ラルズマート西岡店,北海道札幌市豊平区 西岡4条1-1-20,なし,011-852-6250,B,なし,なし,なし,なし,なし,なし,使用済み食用油
816,コスモ石油西岡店,北海道札幌市豊平区 西岡4条3-7-39,なし,011-854-4983,B,なし,なし,なし,なし,なし,なし,使用済み食用油
817,びっくりドンキー西岡店,北海道札幌市豊平区 西岡4条4-2-10,なし,011-859-2155,A,なし,なし,なし,なし,なし,なし,使用済み食用油
818,豊平消防署西岡出張所,北海道札幌市豊平区 西岡4条6,なし,011-852-5119,B,なし,なし,なし,なし,なし,なし,使用済み食用油
819,コープさっぽろ中の島店,北海道札幌市豊平区 中の島1条4-7-1,なし,011-831-9235,B,なし,なし,なし,なし,なし,なし,使用済み食用油
820,豊平老人福祉センター,北海道札幌市豊平区 中の島2条3-8-1,なし,011-811-5201,B,なし,なし,なし,なし,なし,なし,使用済み食用油
821,豊平消防署平岸出張所,北海道札幌市豊平区 平岸1条11,なし,011-831-3901,B,なし,なし,なし,なし,なし,なし,使用済み食用油
822,ビッグハウスエクストラ,北海道札幌市豊平区 平岸1条22-2-15,なし,011-815-7778,B,なし,なし,なし,なし,なし,なし,使用済み食用油
823,びっくりドンキーミュンヘン大橋店,北海道札幌市豊平区 平岸1条22-2-23,なし,011-837-5701,A,なし,なし,なし,なし,なし,なし,使用済み食用油
824,平岸まちづくりセンター,北海道札幌市豊平区 平岸2条7-2-5,なし,011-811-9545,B,なし,なし,なし,なし,なし,なし,使用済み食用油
825,南平岸まちづくりセンター,北海道札幌市豊平区 平岸2条14-1-26,なし,011-814-1440,B,なし,なし,なし,なし,なし,なし,使用済み食用油
826,マックスバリュ平岸店,北海道札幌市豊平区 平岸3条13-6-1,なし,011-812-4511,B,なし,なし,なし,なし,なし,なし,使用済み食用油
827,ラルズストア平岸店,北海道札幌市豊平区 平岸5条8-1-1,なし,011-822-3963,B,なし,なし,なし,なし,なし,なし,使用済み食用油
828,平岸プール,北海道札幌市豊平区 平岸5条14-1-1,なし,011-832-7529,B,なし,なし,なし,なし,なし,なし,使用済み食用油
829,豊平区役所,北海道札幌市豊平区 平岸6条10-1-1,なし,011-822-2405,B,なし,なし,なし,なし,なし,なし,使用済み食用油
830,エネオス南平岸店,北海道札幌市豊平区 平岸6条13-4-1,なし,011-821-6792,B,なし,なし,なし,なし,なし,なし,使用済み食用油
831,福住バスターミナル,北海道札幌市豊平区 福住2条1-2-1,なし,なし,B,なし,なし,なし,なし,なし,なし,使用済み食用油
832,イトーヨーカドー福住店,北海道札幌市豊平区 福住2条1-2-5,なし,011-856-5511,B,なし,なし,なし,なし,なし,なし,使用済み食用油
833,エネオス羊ヶ丘店,北海道札幌市豊平区 福住2条1-26,なし,011-851-6303,B,なし,なし,なし,なし,なし,なし,使用済み食用油
834,ラルズマート美園店,北海道札幌市豊平区 美園2条1-2-1,なし,011-817-0123,B,なし,なし,なし,なし,なし,なし,使用済み食用油
835,豊平公園温水プール,北海道札幌市豊平区 美園6条1-1,なし,011-813-6556,B,なし,なし,なし,なし,なし,なし,使用済み食用油
836,コープさっぽろ美園店,北海道札幌市豊平区 美園6条7-2,なし,011-821-2015,B,なし,なし,なし,なし,なし,なし,使用済み食用油
837,豊平消防署東月寒出張所,北海道札幌市豊平区 羊ケ丘1,なし,011-851-2515,B,なし,なし,なし,なし,なし,なし,使用済み食用油
838,DCMホーマック北野通店,北海道札幌市清田区 北野3条2-13-75,なし,011-883-1496,B,なし,なし,なし,なし,なし,なし,使用済み食用油
839,スーパーアークス北野店,北海道札幌市清田区 北野3条2-13-88,なし,011-881-1550,B,なし,なし,なし,なし,なし,なし,使用済み食用油
840,コスモ石油北野店,北海道札幌市清田区 北野6条1-4-38,なし,011-883-0816,B,なし,なし,なし,なし,なし,なし,使用済み食用油
841,エネオス平岡通店,北海道札幌市清田区 北野6条5-374-523,なし,011-883-0881,B,なし,なし,なし,なし,なし,なし,使用済み食用油
842,マックスバリュ北野店　　　,北海道札幌市清田区 北野7条3-7-15,なし,011-889-3639,B,なし,なし,なし,なし,なし,なし,使用済み食用油
843,清田消防署北野出張所,北海道札幌市清田区 北野7条5,なし,011-881-5171,B,なし,なし,なし,なし,なし,なし,使用済み食用油
844,清田区民センター,北海道札幌市清田区 清田1条2-5-35,なし,011-883-2050,B,なし,なし,なし,なし,なし,なし,使用済み食用油
845,びっくりドンキー清田店,北海道札幌市清田区 清田2条1-2-1,なし,011-889-2089,A,なし,なし,なし,なし,なし,なし,使用済み食用油
846,清田老人福祉センター,北海道札幌市清田区 清田3条3-1-30,なし,011-885-8500,B,なし,なし,なし,なし,なし,なし,使用済み食用油
847,清田中央まちづくりセンター,北海道札幌市清田区 清田6条2-10-1,なし,011-884-7187,B,なし,なし,なし,なし,なし,なし,使用済み食用油
848,清田消防署,北海道札幌市清田区 平岡1条1,なし,011-883-2100,B,なし,なし,なし,なし,なし,なし,使用済み食用油
849,清田区体育館温水プール,北海道札幌市清田区 平岡1条5-4-1,なし,011-882-9500,B,なし,なし,なし,なし,なし,なし,使用済み食用油
850,フードD平岡食彩館,北海道札幌市清田区 平岡2条3-9-1,なし,011-887-1155,B,なし,なし,なし,なし,なし,なし,使用済み食用油
851,エネオスセルフ平岡梅林店,北海道札幌市清田区 平岡3条2-12-30,なし,011-886-3010,B,なし,なし,なし,なし,なし,なし,使用済み食用油
852,イオン札幌平岡店,北海道札幌市清田区 平岡3条5-3-1,なし,011-889-5001,B,なし,なし,なし,なし,なし,なし,使用済み食用油
853,タイヤ館平岡店,北海道札幌市清田区 平岡7条1-3-12,なし,011-882-2519,B,なし,なし,なし,なし,なし,なし,使用済み食用油
854,平岡まちづくりセンター,北海道札幌市清田区 平岡7条3-9-25,なし,011-883-7100,B,なし,なし,なし,なし,なし,なし,使用済み食用油
855,コープさっぽろ平岡店,北海道札幌市清田区 平岡公園東3-1-5,なし,011-885-3539,B,なし,なし,なし,なし,なし,なし,使用済み食用油
856,平岡公園管理事務所,北海道札幌市清田区 平岡公園1-1,なし,011-881-7924,B,なし,なし,なし,なし,なし,なし,使用済み食用油
857,清田消防署里塚出張所,北海道札幌市清田区 里塚1条4,なし,011-883-1119,B,なし,なし,なし,なし,なし,なし,使用済み食用油
858,里塚・美しが丘まちづくりセンター,北海道札幌市清田区 里塚2条5-1-1,なし,011-884-1210,B,なし,なし,なし,なし,なし,なし,使用済み食用油
859,ホクレンショップ平岡公園通り店,北海道札幌市清田区 里塚緑が丘5-1-10,なし,011-882-7520,B,なし,なし,なし,なし,なし,なし,使用済み食用油
860,C&Cキャロット真栄店,北海道札幌市清田区 真栄4条3-2-8,なし,011-888-2777,B,なし,なし,なし,なし,なし,なし,使用済み食用油
861,ビッグハウス里塚店,北海道札幌市清田区 美しが丘1条7-1-1,なし,011-883-0800,B,なし,なし,なし,なし,なし,なし,使用済み食用油
862,フードDValue,北海道札幌市清田区 美しが丘4条6-1-1,なし,011-888-8222,B,なし,なし,なし,なし,なし,なし,使用済み食用油
863,中央地区リサイクルセンター,北海道札幌市南区 南30条西8-7-1,中央清掃事務所敷地内,011-581-1153,B,なし,なし,なし,なし,なし,なし,使用済み食用油
864,藻岩下まちづくりセンター,北海道札幌市南区 南34条西9-2-1,なし,011-581-2001,B,なし,なし,なし,なし,なし,なし,使用済み食用油
865,エネオス藻岩店,北海道札幌市南区 南35条11-1-8,なし,011-581-0616,B,なし,なし,なし,なし,なし,なし,使用済み食用油
866,びっくりドンキー藤野店,北海道札幌市南区 石山1条9-486-1,なし,011-592-7777,A,なし,なし,なし,なし,なし,なし,使用済み食用油
867,南消防署石山出張所,北海道札幌市南区 石山2条4,なし,011-591-8358,B,なし,なし,なし,なし,なし,なし,使用済み食用油
868,ザ・ビッグ石山店,北海道札幌市南区 石山2条9-7-58,なし,011-594-2910,B,なし,なし,なし,なし,なし,なし,使用済み食用油
869,ラルズマート石山店,北海道札幌市南区 石山東4-8-33,なし,011-592-2655,B,なし,なし,なし,なし,なし,なし,使用済み食用油
870,芸術の森地区まちづくりセンター,北海道札幌市南区 石山東7-1-31,なし,011-592-7009,B,なし,なし,なし,なし,なし,なし,使用済み食用油
871,南老人福祉センター,北海道札幌市南区 石山78-68,なし,011-591-3100,B,なし,なし,なし,なし,なし,なし,使用済み食用油
872,イオン札幌藻岩店,北海道札幌市南区 川沿2条2-1-1,なし,011-571-3100,B,なし,なし,なし,なし,なし,なし,使用済み食用油
873,南消防署川沿出張所,北海道札幌市南区 川沿2条3,なし,011-571-2002,B,なし,なし,なし,なし,なし,なし,使用済み食用油
874,南区体育館,北海道札幌市南区 川沿4条2-2-1,なし,011-571-5171,B,なし,なし,なし,なし,なし,なし,使用済み食用油
875,コープさっぽろSocia,北海道札幌市南区 川沿5条2-3-10,なし,011-571-5141,B,なし,なし,なし,なし,なし,なし,使用済み食用油
876,ビッグハウスサウス,北海道札幌市南区 川沿15条1-1-55,なし,011-578-3300,B,なし,なし,なし,なし,なし,なし,使用済み食用油
877,エネオスチャレンジ川沿店,北海道札幌市南区 川沿15条1-1-65,なし,011-572-7271,B,なし,なし,なし,なし,なし,なし,使用済み食用油
878,マックスバリュ澄川店,北海道札幌市南区 澄川4条2-2-6,なし,011-813-0881,B,なし,なし,なし,なし,なし,なし,使用済み食用油
879,南消防署澄川出張所,北海道札幌市南区 澄川4条6,なし,011-811-2611,B,なし,なし,なし,なし,なし,なし,使用済み食用油
880,コープさっぽろ西岡店,北海道札幌市南区 澄川6条4-1-1,なし,011-822-2711,B,なし,なし,なし,なし,なし,なし,使用済み食用油
881,エネオス澄川店,北海道札幌市南区 澄川6条4-11-12,なし,011-813-6308,B,なし,なし,なし,なし,なし,なし,使用済み食用油
882,札幌市保養センター駒岡,北海道札幌市南区 真駒内600-20,なし,011-583-8553,B,なし,なし,なし,なし,なし,なし,使用済み食用油
883,豊平・南清掃事務所,北海道札幌市南区 真駒内602,なし,011-583-8613,B,なし,なし,なし,なし,なし,なし,使用済み食用油
884,ラルズマート真駒内店,北海道札幌市西区 真駒内幸町1-2-3,なし,011-583-6668,B,なし,なし,なし,なし,なし,なし,使用済み食用油
885,南消防署,北海道札幌市西区 真駒内幸町1,なし,011-581-2100,B,なし,なし,なし,なし,なし,なし,使用済み食用油
886,南区役所,北海道札幌市西区 真駒内幸町2,なし,011-582-4705,B,なし,なし,なし,なし,なし,なし,使用済み食用油
887,豊平川さけ科学館,北海道札幌市南区 真駒内公園2-1,なし,011-582-7555,B,なし,なし,なし,なし,なし,なし,使用済み食用油
888,ホクレンショップ中ノ沢店,北海道札幌市南区 中ノ沢2-2,なし,011-573-2560,B,なし,なし,なし,なし,なし,なし,使用済み食用油
889,南消防署藤野出張所,北海道札幌市南区 藤野2条3,なし,011-593-1119,B,なし,なし,なし,なし,なし,なし,使用済み食用油
890,コープさっぽろ藤野店,北海道札幌市南区 藤野3条6-2-1,なし,011-591-6811,B,なし,なし,なし,なし,なし,なし,使用済み食用油
891,簾舞まちづくりセンター,北海道札幌市南区 簾舞3条6-8-25,なし,011-596-2059,B,なし,なし,なし,なし,なし,なし,使用済み食用油
892,南消防署定山渓出張所,北海道札幌市南区 定山渓温泉西2,なし,011-598-2384,B,なし,なし,なし,なし,なし,なし,使用済み食用油
893,定山渓まちづくりセンター,北海道札幌市南区 定山渓温泉東4-315-4,なし,011-598-2191,B,なし,なし,なし,なし,なし,なし,使用済み食用油
894,びっくりドンキー琴似店,北海道札幌市西区 琴似2条1-1-5,なし,011-640-3064,A,なし,なし,なし,なし,なし,なし,使用済み食用油
895,イトーヨーカドー琴似店,北海道札幌市西区 琴似2条1-4-1,なし,011-613-5411,B,なし,なし,なし,なし,なし,なし,使用済み食用油
896,マックスバリュ琴似店,北海道札幌市西区 琴似2条4-1-8,なし,011-641-3961,B,なし,なし,なし,なし,なし,なし,使用済み食用油
897,西区役所,北海道札幌市西区 琴似2条7-1-1,なし,011-641-6921,B,なし,なし,なし,なし,なし,なし,使用済み食用油
898,琴似二十四軒まちづくりセンター,北海道札幌市西区 琴似2条7-1-10,なし,011-621-2508,B,なし,なし,なし,なし,なし,なし,使用済み食用油
899,マックスバリュ琴似3条店,北海道札幌市西区 琴似3条7-5-16,なし,011-633-0611,B,なし,なし,なし,なし,なし,なし,使用済み食用油
900,コープさっぽろ二十四軒店,北海道札幌市西区 二十四軒3条1-2-30,なし,011-612-0931,B,なし,なし,なし,なし,なし,なし,使用済み食用油
901,西地区リサイクルセンター,北海道札幌市西区 二十四軒4条1-5,"ＪＲ高架下リサイクルプラザ
二十四軒サテライト内",011-211-2928,B,なし,なし,なし,なし,なし,なし,使用済み食用油
902,西老人福祉センター,北海道札幌市西区 二十四軒4条3-4-1,なし,011-641-4001,B,なし,なし,なし,なし,なし,なし,使用済み食用油
903,西消防署西野出張所,北海道札幌市西区 西野3条2,なし,011-661-1812,B,なし,なし,なし,なし,なし,なし,使用済み食用油
904,びっくりドンキー西野店,北海道札幌市西区 西野3条3-4-7,なし,011-669-2263,A,なし,なし,なし,なし,なし,なし,使用済み食用油
905,コープさっぽろにしの店,北海道札幌市西区 西野3条3-2-5,なし,011-662-1122,B,なし,なし,なし,なし,なし,なし,使用済み食用油
906,コスモ石油ワンダーステーション西野店,北海道札幌市西区 西野4条2-1-23,なし,011-662-6252,B,なし,なし,なし,なし,なし,なし,使用済み食用油
907,西野まちづくりセンター,北海道札幌市西区 西野6条3-14-16,なし,011-663-0360,B,なし,なし,なし,なし,なし,なし,使用済み食用油
908,コスモ石油バードタウン西野店,北海道札幌市西区 西野6条8-1-1,なし,011-665-4065,B,なし,なし,なし,なし,なし,なし,使用済み食用油
909,マックスバリュエクスプレス発寒南駅前店,北海道札幌市西区 西町北8-5-19,なし,011-666-6551,B,なし,なし,なし,なし,なし,なし,使用済み食用油
910,西町まちづくりセンター,北海道札幌市西区 西町南9-2-2,なし,011-661-2591,B,なし,なし,なし,なし,なし,なし,使用済み食用油
911,ペペサーレ西町店,北海道札幌市西区 西町南13-3-2,なし,011-669-7183,A,なし,なし,なし,なし,なし,なし,使用済み食用油
912,八軒まちづくりセンター,北海道札幌市西区 八軒1条西1-7-1,なし,011-611-2221,B,なし,なし,なし,なし,なし,なし,使用済み食用油
913,西消防署八軒出張所,北海道札幌市西区 八軒1条東3,なし,011-612-0119,B,なし,なし,なし,なし,なし,なし,使用済み食用油
914,フレッティ琴似店,北海道札幌市西区 八軒5条東1-5-1,なし,011-631-3048,B,なし,なし,なし,なし,なし,なし,使用済み食用油
915,マックスバリュ八軒5条店,北海道札幌市西区 八軒5条西4-3-1,なし,011-632-5330,B,なし,なし,なし,なし,なし,なし,使用済み食用油
916,農試公園管理事務所,北海道札幌市西区 八軒5条西6-1,なし,011-615-3680,B,なし,なし,なし,なし,なし,なし,使用済み食用油
917,八軒中央まちづくりセンター,北海道札幌市西区 八軒6条西2-1-11,なし,011-615-9588,B,なし,なし,なし,なし,なし,なし,使用済み食用油
918,動物管理センター,北海道札幌市西区 八軒9条東5-1-31,なし,011-736-6134,B,なし,なし,なし,なし,なし,なし,使用済み食用油
919,ダイイチ八軒店,北海道札幌市西区 八軒10条東5,なし,011-708-4567,B,なし,なし,なし,なし,なし,なし,使用済み食用油
920,生涯学習総合センター,北海道札幌市西区 札幌西区宮の沢1条1-1-10,なし,011-671-2200,B,なし,なし,なし,なし,なし,なし,使用済み食用油
921,宮の沢バスターミナル,北海道札幌市西区 宮の沢1条1-1-17,なし,011-665-5878,B,なし,なし,なし,なし,なし,なし,使用済み食用油
922,宮の沢屋内競技場,北海道札幌市西区 札幌西区宮の沢490-9,なし,011-664-6363,B,なし,なし,なし,なし,なし,なし,使用済み食用油
923,ラルズマート山の手店,北海道札幌市西区 山の手2条6-5-20,なし,011-621-6719,B,なし,なし,なし,なし,なし,なし,使用済み食用油
924,山の手会館,北海道札幌市西区 山の手3条2-5-20,なし,011-642-3866,B,なし,なし,なし,なし,なし,なし,使用済み食用油
925,山の手まちづくりセンター,北海道札幌市西区 山の手3条7-1-38,なし,011-613-1929,B,なし,なし,なし,なし,なし,なし,使用済み食用油
926,エネオス三角山店,北海道札幌市西区 山の手3条11-1-16,なし,011-642-6565,B,なし,なし,なし,なし,なし,なし,使用済み食用油
927,西消防署平和出張所,北海道札幌市西区 平和2条3,なし,011-661-2822,B,なし,なし,なし,なし,なし,なし,使用済み食用油
928,発寒まちづくりセンター,北海道札幌市西区 発寒5条3-12-14,なし,011-664-6411,B,なし,なし,なし,なし,なし,なし,使用済み食用油
929,西区体育館温水プール,北海道札幌市西区 発寒5条8-9-1,なし,011-662-2149,B,なし,なし,なし,なし,なし,なし,使用済み食用油
930,ビッグハウスウエスト,北海道札幌市西区 発寒7条9-4-33,なし,011-661-2330,B,なし,なし,なし,なし,なし,なし,使用済み食用油
931,イオン札幌発寒店,北海道札幌市西区 発寒8条12-1-1,なし,011-669-5000,B,なし,なし,なし,なし,なし,なし,使用済み食用油
932,有限会社奈良木燃料店,北海道札幌市西区 発寒9条13-5-5,なし,011-667-3070,B,なし,なし,なし,なし,なし,なし,使用済み食用油
933,DCMホーマック発寒追分通店,北海道札幌市西区 発寒9条14-516-210,なし,011-669-3600,B,なし,なし,なし,なし,なし,なし,使用済み食用油
934,ダイイチ発寒中央駅前店,北海道札幌市西区 発寒10条3-1-11,なし,011-668-5678,B,なし,なし,なし,なし,なし,なし,使用済み食用油
935,西消防署,北海道札幌市西区 発寒10条4,なし,011-667-2100,B,なし,なし,なし,なし,なし,なし,使用済み食用油
936,発寒北まちづくりセンター,北海道札幌市西区 発寒12条4-1-3,なし,011-661-6262,B,なし,なし,なし,なし,なし,なし,使用済み食用油
937,エネオス東発寒店,北海道札幌市西区 発寒14条12-2-2,なし,011-661-1297,B,なし,なし,なし,なし,なし,なし,使用済み食用油
938,ラルズマート発寒店,北海道札幌市西区 発寒14条4-2-23,なし,011-666-1212,B,なし,なし,なし,なし,なし,なし,使用済み食用油
939,西清掃事務所,北海道札幌市西区 発寒15条14-2-1,なし,011-664-0053,B,なし,なし,なし,なし,なし,なし,使用済み食用油
940,イオンスーパーセンター手稲山口店,北海道札幌市手稲区 明日風6-1-1,なし,011-669-8201,B,なし,なし,なし,なし,なし,なし,使用済み食用油
941,手稲区体育館,北海道札幌市手稲区 曙2条1-2-46,なし,011-684-0088,B,なし,なし,なし,なし,なし,なし,使用済み食用油
942,手稲曙温水プール,北海道札幌市手稲区 曙2条1-2-60,なし,011-683-0676,B,なし,なし,なし,なし,なし,なし,使用済み食用油
943,コスモ石油手稲曙通店,北海道札幌市手稲区 曙4条3-18-20,なし,011-682-4070,B,なし,なし,なし,なし,なし,なし,使用済み食用油
944,手稲土木センター,北海道札幌市手稲区 曙5条5-2-1,なし,011-681-4011,B,なし,なし,なし,なし,なし,なし,使用済み食用油
945,手稲鉄北まちづくりセンター,北海道札幌市手稲区 曙7条3-6-22,なし,011-684-0048,B,なし,なし,なし,なし,なし,なし,使用済み食用油
946,ジョイ稲穂店,北海道札幌市手稲区 稲穂2条6-270-1,なし,011-684-5020,B,なし,なし,なし,なし,なし,なし,使用済み食用油
947,タイヤ館手稲,北海道札幌市手稲区 稲穂3条3-10-40,なし,011-694-0311,B,なし,なし,なし,なし,なし,なし,使用済み食用油
948,稲穂金山まちづくりセンター,北海道札幌市手稲区 稲穂3条5-1-28,なし,011-684-4020,B,なし,なし,なし,なし,なし,なし,使用済み食用油
949,手稲消防署稲穂出張所,北海道札幌市手稲区 稲穂3条6,なし,011-682-7477,B,なし,なし,なし,なし,なし,なし,使用済み食用油
950,山口緑地パークゴルフ場スタートハウス,北海道札幌市手稲区 山口295-1,なし,011-681-3940,B,なし,なし,なし,なし,なし,なし,使用済み食用油
951,ビッグハウス星置店,北海道札幌市手稲区 手稲山口478,なし,011-686-2300,B,なし,なし,なし,なし,なし,なし,使用済み食用油
952,手稲消防署,北海道札幌市手稲区 手稲本町2条5,なし,011-681-2100,B,なし,なし,なし,なし,なし,なし,使用済み食用油
953,富丘西宮の沢まちづくりセンター,北海道札幌市手稲区 富丘2条2-1-1,なし,011-685-4745,B,なし,なし,なし,なし,なし,なし,使用済み食用油
954,びっくりドンキー手稲富丘店,北海道札幌市手稲区 富丘3条1-10-1,なし,011-699-2362,A,なし,なし,なし,なし,なし,なし,使用済み食用油
955,コープさっぽろ西宮の沢店,北海道札幌市手稲区 西宮の沢3条1-12-1,なし,011-665-0051,B,なし,なし,なし,なし,なし,なし,使用済み食用油
956,エネオスチャレンジ手稲インター店,北海道札幌市手稲区 西宮の沢4条1-2-7,なし,011-661-2333,B,なし,なし,なし,なし,なし,なし,使用済み食用油
957,手稲消防署西宮の沢出張所,北海道札幌市手稲区 西宮の沢4条1,なし,011-662-6690,B,なし,なし,なし,なし,なし,なし,使用済み食用油
958,ラルズストア宮の沢店,北海道札幌市手稲区 西宮の沢5条2-11-20,なし,011-684-5678,B,なし,なし,なし,なし,なし,なし,使用済み食用油
959,マックスバリュ新発寒店,北海道札幌市手稲区 新発寒2条1-1-3,なし,011-668-3670,B,なし,なし,なし,なし,なし,なし,使用済み食用油
960,ホクレンショップ新発寒店,北海道札幌市手稲区 新発寒4条1-1-60,なし,011-665-8050,B,なし,なし,なし,なし,なし,なし,使用済み食用油
961,新発寒まちづくりセンター,北海道札幌市手稲区 新発寒5条4-2-2,新発寒地区センター内,011-684-5557,B,なし,なし,なし,なし,なし,なし,使用済み食用油
962,コープさっぽろ新はっさむ店,北海道札幌市手稲区 新発寒5条5-1-10,なし,011-694-5141,B,なし,なし,なし,なし,なし,なし,使用済み食用油
963,手稲稲積公園管理事務所,北海道札幌市手稲区 前田1条5-1,なし,011-685-1010,B,なし,なし,なし,なし,なし,なし,使用済み食用油
964,手稲区民センター,北海道札幌市手稲区 前田1条11,なし,011-681-5121,B,なし,なし,なし,なし,なし,なし,使用済み食用油
965,エネオス手稲前田店,北海道札幌市手稲区 前田5条6-3-29,なし,011-683-6266,B,なし,なし,なし,なし,なし,なし,使用済み食用油
966,びっくりドンキー手稲前田店,北海道札幌市手稲区 前田5条13-3-25,なし,011-699-7601,A,なし,なし,なし,なし,なし,なし,使用済み食用油
967,手稲消防署前田出張所,北海道札幌市手稲区 前田6条5,なし,011-694-6119,B,なし,なし,なし,なし,なし,なし,使用済み食用油
968,ホクレンショップ前田店,北海道札幌市手稲区 前田6条15-3-30,なし,683-4275,B,なし,なし,なし,なし,なし,なし,使用済み食用油
969,手稲消防署曙出張所,北海道札幌市手稲区 前田6条16,なし,011-681-1119,B,なし,なし,なし,なし,なし,なし,使用済み食用油
970,フードDBOSCO,北海道札幌市手稲区 前田7条11-2-10,なし,011-691-5000,B,なし,なし,なし,なし,なし,なし,使用済み食用油
971,ザ・ビッグエクスプレス前田店,北海道札幌市手稲区 前田8条10-6-25,なし,011-684-3666,B,なし,なし,なし,なし,なし,なし,使用済み食用油
972,コープさっぽろ星置店,北海道札幌市手稲区 星置1条3-2-2,なし,011-685-7071,B,なし,なし,なし,なし,なし,なし,使用済み食用油
973,星置スケート場,北海道札幌市手稲区 星置2条1-12-1,なし,011-681-8877,B,なし,なし,なし,なし,なし,なし,使用済み食用油
974,星置まちづくりセンター,北海道札幌市手稲区 星置2条3-14-1,星置地区センター内,011-695-3222,B,なし,なし,なし,なし,なし,なし,使用済み食用油
