品目,分別区分,手数料,備考
アイスキャンデーの棒（木製・プラ製）,燃やせるごみ,有料,なし
アイスクリームのカップ・ふた（紙製）,雑がみ,無料,水ですすいでも汚れが落ちないものは「燃やせるごみ」
アイスクリームのカップ・ふた（プラ製）,容器包装プラスチック,無料,なし
アイスピック,燃やせないごみ,有料,刃先を厚紙などで包んで、「キケン」と表示
アイロン,燃やせないごみ,有料,小型家電の無料回収に出すと資源に！
アイロン台,大型ごみ,有料,なし
アクセサリー（指輪・ブレスレット・ネックレスなど）,燃やせないごみ,有料,木製・革製・プラ製は「燃やせるごみ」
アクリル板,燃やせるごみ,有料,なし
アコーディオンカーテン,大型ごみ,有料,なし
アダプター（電源用）,燃やせないごみ,有料,小型家電の無料回収に出すと資源に！
厚紙,雑がみ,無料,なし
圧力鍋,燃やせないごみ,有料,小物金属類の無料回収に出すと資源に！
油（食用油・廃食油）,燃やせるごみ,有料,"・紙や布にしみ込ませるか凝固剤で固めて
・家庭用廃食油の無料回収に出すと資源に！"
油こし紙,燃やせるごみ,有料,なし
油こし容器,燃やせないごみ,有料,プラ製は「燃やせるごみ」
油差し,燃やせないごみ,有料,プラ製は「燃やせるごみ」
網（金属製）,燃やせないごみ,有料,なし
網（プラ製）,燃やせるごみ,有料,なし
編み機,大型ごみ,有料,なし
網戸,大型ごみ,有料,なし
アメリカンレーキ,大型ごみ,有料,なし
アルバム（紙製）,雑がみ,無料,なし
アルバム（プラ製・布製）,燃やせるごみ,有料,なし
アルミ缶・アルミボトル（飲料・食品用）,びん・缶・ペットボトル,無料,アルミボトルのふたははずす
アルミ箔鍋（鍋焼きうどんなど）,燃やせるごみ,有料,なし
アルミ箔容器,燃やせるごみ,有料,お弁当用アルミ箔容器、ケーキのアルミ箔など
アルミホイール（タイヤ付を除く）,燃やせないごみ,有料,小物金属類の無料回収に出すと資源に！
アルミホイル（アルミ箔）,燃やせるごみ,有料,なし
アルミホイルの箱・芯,雑がみ,無料,なし
アンテナ,大型ごみ,有料,小型家電の無料回収に出すと資源に！
アンプ,燃やせないごみ,有料,小型家電の無料回収に出すと資源に！
生け花用吸水性スポンジ（フローラルフォーム）,燃やせるごみ,有料,なし
石臼,大型ごみ,有料,なし
衣装ケース（プラ製・木製）,大型ごみ,有料,紙製は解体して「雑がみ」へ
移植ゴテ（小型シャベル）,燃やせないごみ,有料,なし
いす（座いす・ベビーチェアーを含む）,大型ごみ,有料,木製はリユース（再利用）収集対象
板（木製・プラ製）,燃やせるごみ,有料,一辺が50cmを超えるものは「大型ごみ」
板（木製・プラ製以外）,燃やせないごみ,有料,一辺が50cmを超えるものは「大型ごみ」
一輪車,大型ごみ,有料,リユース（再利用）収集対象
一升びん,びん・缶・ペットボトル,無料,リターナブル（リユース）びんの無料回収に出すと、より環境負荷の小さい再利用（リユース）に！
一升びんのふた（金属製）,燃やせないごみ,有料,なし
一升びんのふた（プラ製）,容器包装プラスチック,無料,なし
一斗缶（しょうゆなど）,びん・缶・ペットボトル,無料,ペンキや油の缶など水で濯いでも汚れを落とせないものは「燃やせないごみ」
一斗缶（食用油・ペンキなど）,燃やせないごみ,有料,なし
糸,燃やせるごみ,有料,なし
衣服,燃やせるごみ,有料,"・古着の無料回収に出すと資源に！
・綿50％以上の薄手の古布は、古布の無料回収に出すと資源に！"
イヤホン,燃やせないごみ,有料,小型家電の無料回収に出すと資源に！
衣類乾燥機,市で収集しないもの,-,"・販売店または家電回収協力店へ
・詳細は、「テレビ・冷蔵庫・洗濯機・エアコンリサイクル」のページ参照"
衣類乾燥機台,大型ごみ,有料,なし
入れ歯,燃やせないごみ,有料,なし
色紙,雑がみ,無料,なし
印鑑（木製・プラ製）,燃やせるごみ,有料,木製・プラ製以外は「燃やせないごみ」
インクカートリッジ（インクリボン）,燃やせるごみ,有料,販売店に返却するか、地区リサイクルセンターに出すと資源に！無料に！
インターホン,燃やせないごみ,有料,小型家電の無料回収に出すと資源に！
印箱（木製・プラ製）,燃やせるごみ,有料,金属製は「燃やせないごみ」
ウィッグ,燃やせるごみ,有料,なし
ウインドブレーカー,燃やせるごみ,有料,古着の無料回収に出すと資源に！
ウィズユーカード,燃やせるごみ,有料,なし
植木の枝,枝・葉・草,無料,収集期間外は「燃やせるごみ」または「大型ごみ」
植木鉢（プラ製）,燃やせるごみ,有料,なし
植木鉢（プラ製以外）,燃やせないごみ,有料,なし
ウエストポーチ,燃やせるごみ,有料,なし
浮輪,燃やせるごみ,有料,なし
臼（木製）,大型ごみ,有料,なし
うちわ・扇子,燃やせるごみ,有料,なし
ウッドカーペット,大型ごみ,有料,なし
ウッドクラフト,燃やせるごみ,有料,なし
腕時計,燃やせないごみ,有料,電子式は小型家電の無料回収に出すと資源に！
ウレタン製品,燃やせるごみ,有料,なし
エアコン,市で収集しないもの,-,"・販売店または家電回収協力店へ
・詳細は、「テレビ・冷蔵庫・洗濯機・エアコンリサイクル」のページ参照"
SDカード,燃やせるごみ,有料,なし
絵の具のチューブ（プラ製）,容器包装プラスチック,無料,"中身を使い切って
金属製は「燃やせないごみ」"
エプロン,燃やせるごみ,有料,古着の無料回収に出すと資源に！
MO（ケースを含む）,燃やせるごみ,有料,なし
MOドライブ,燃やせないごみ,有料,小型家電の無料回収に出すと資源に！
MD（ケースを含む）,燃やせるごみ,有料,なし
MDレコーダー,燃やせないごみ,有料,小型家電の無料回収に出すと資源に！
LED製品,燃やせないごみ,有料,厚紙などて包んで、「キケン」と表示
LD,燃やせるごみ,有料,なし
エレキギター,大型ごみ,有料,なし
エレクトーン,大型ごみ,有料,"小型家電の無料回収に出すと資源に！
※木製及び一人で動かすことが困難な製品は、小型家電の無料回収に出せません"
エンジンオイル,燃やせるごみ,有料,紙や布にしみ込ませて
エンジンオイルの缶,燃やせないごみ,有料,なし
延長コード,燃やせないごみ,有料,小型家電の無料回収に出すと資源に！
煙突,大型ごみ,有料,なし
塩ビ管,燃やせるごみ,有料,なし
鉛筆,燃やせるごみ,有料,なし
鉛筆削り,燃やせないごみ,有料,電動式のものは、小型家電の無料回収に出すと資源に！
オイルエレメント,燃やせないごみ,有料,なし
オイルヒーター,大型ごみ,有料,小型家電の無料回収に出すと資源に！
オーディオラック,大型ごみ,有料,木製はリユース（再利用）収集対象
オートバイ,市で収集しないもの,-,販売店または二輪車リサイクルコールセンターに相談（050-3000-0727）
オーブントースター,燃やせないごみ,有料,小型家電の無料回収に出すと資源に！
オーブンレンジ,大型ごみ,有料,小型家電の無料回収に出すと資源に！
置き時計,燃やせないごみ,有料,"小型家電の無料回収に出すと資源に！
※木製のものは、小型家電の無料回収に出せません"
おけ（金属製）,燃やせないごみ,有料,なし
おけ（木製・プラ製）,燃やせるごみ,有料,なし
おしぼり,燃やせるごみ,有料,なし
おしぼりの袋（プラ製）,容器包装プラスチック,無料,なし
おしゃぶり,燃やせるごみ,有料,なし
落ち葉,枝・葉・草,無料,収集期間外は「燃やせるごみ」
斧,大型ごみ,有料,柄を分離し指定ごみ袋に入るものは、柄（木製）は「燃やせるごみ」、刃は厚紙などで包み、「キケン」と表示して「燃やせないごみ」
帯,燃やせるごみ,有料,古着の無料回収に出すと資源に！
汚物入れ（プラ製）,燃やせるごみ,有料,金属製は「燃やせないごみ」
おぼん,燃やせるごみ,有料,金属製は「燃やせないごみ」
おまる,燃やせるごみ,有料,プラ製以外は「燃やせないごみ」
おむつカバー,燃やせるごみ,有料,なし
おもちゃ（電気・電池で動くもの）,燃やせないごみ,有料,小型家電の無料回収に出すと資源に！
おもちゃ（木製・プラ製）,燃やせるごみ,有料,なし
おもちゃ（木製・プラ製以外）,燃やせないごみ,有料,なし
オルガン,大型ごみ,有料,"電子式は、小型家電の無料回収に出すと資源に！
※木製及び一人で動かすことが困難な製品は、小型家電の無料回収に出せません"
おろし金,燃やせないごみ,有料,プラ製は「燃やせるごみ」
温水洗浄器付便座,燃やせないごみ,有料,なし
温度計,燃やせないごみ,有料,"・電子式は、小型家電の無料回収に出すと資源に！
・水銀式は、水銀体温計・水銀血圧計・水銀温度計の無料回収に出すと資源に！"
カーコンポ,燃やせないごみ,有料,小型家電の無料回収に出すと資源に！
ガーゼ,燃やせるごみ,有料,なし
カーテレビ（車載用液晶テレビ）,燃やせないごみ,有料,なし
カーテン,燃やせるごみ,有料,綿50％以上の薄手の古布は、古布の無料回収に出すと資源に！
ガーデンパラソル,大型ごみ,有料,なし
ガーデンフェンス,大型ごみ,有料,なし
ガーデンライト,大型ごみ,有料,小型家電の無料回収に出すと資源に！
カーテンレール,大型ごみ,有料,なし
カード類,燃やせるごみ,有料,ウィズユーカード、テレホンカード、キャッシュカード、クレジットカードなど
カーナビ,燃やせないごみ,有料,小型家電の無料回収に出すと資源に！
カーペット,大型ごみ,有料,なし
カーペットローラー,燃やせないごみ,有料,なし
カーボン紙,雑がみ,無料,なし
貝殻,燃やせるごみ,有料,なし
懐中電灯,燃やせないごみ,有料,小型家電の無料回収に出すと資源に！
買物かご（木製・プラ製）,燃やせるごみ,有料,なし
買物かご（木製・プラ製以外）,燃やせないごみ,有料,なし
カイロ（充電式・オイル式）,燃やせないごみ,有料,充電式は、小型家電の無料回収に出すと資源に！
カイロ（使い捨て）,燃やせるごみ,有料,なし
鏡,燃やせないごみ,有料,なし
かき氷器,燃やせないごみ,有料,電動式は、小型家電の無料回収に出すと資源に！
鍵・錠前,燃やせないごみ,有料,なし
額縁（木製・プラ製）,燃やせるごみ,有料,なし
額縁（木製・プラ製以外）,燃やせないごみ,有料,なし
掛け時計,燃やせないごみ,有料,"小型家電の無料回収に出すと資源に！
※木製のものは、小型家電の無料回収に出せません"
かご,燃やせるごみ,有料,金属製は「燃やせないごみ」
傘,燃やせないごみ,有料,なし
傘などの棒状で,40リットルの指定ごみ袋から一部が飛び出すもの,は、大部分が指定ごみ袋に入っていて、袋の口をしっかりと縛ることができれば、指定ごみ袋を使ってごみステーションに出すことができます。,なし
傘立て,大型ごみ,有料,木製はリユース（再利用）収集対象
加湿器,燃やせないごみ,有料,小型家電の無料回収に出すと資源に！
菓子などの空き箱（紙製）,雑がみ,無料,なし
菓子などの空き箱（木製）,燃やせるごみ,有料,なし
菓子などの缶（金属製）,びん・缶・ペットボトル,無料,なし
菓子などの個包装（紙製）,雑がみ,無料,なし
菓子などの個包装（プラ製）,容器包装プラスチック,無料,なし
菓子などの袋（アルミ蒸着）,容器包装プラスチック,無料,スナック菓子など
菓子などの袋（プラ製）,容器包装プラスチック,無料,なし
菓子箱・缶の中の仕切り・中ぶた（紙製）,雑がみ,無料,なし
菓子箱・缶の中の仕切り・中ぶた（プラ製）,容器包装プラスチック,無料,なし
ガスこんろ,大型ごみ,有料,なし
ガス台,大型ごみ,有料,なし
ガスレンジマット,燃やせるごみ,有料,なし
カセットこんろ,燃やせないごみ,有料,なし
カセットテープ（ケースを含む）,燃やせるごみ,有料,なし
カセットデッキ,燃やせないごみ,有料,小型家電の無料回収に出すと資源に！
カセットボンベ,スプレー缶・カセットボンベ,無料,"使い切って
使いきれない場合 の処分方法は、「スプレー缶・カセットボンベ」のページでご確認ください。"
ガソリン携行缶,燃やせないごみ,有料,中身を空にして
カタログ,集団資源回収など,-,"古紙（新聞・雑誌・ダンボール）の無料回収のページから、集団資源回収や回収拠点のご利用方法をお調べいただけます。
やむを得ない場合は「雑がみ」で収集"
カッターナイフ,燃やせないごみ,有料,厚紙などで包んで、「キケン」と表示
カット綿,燃やせるごみ,有料,なし
カッパ（化繊のもの・ゴム・ビニール製）,燃やせるごみ,有料,なし
カップボード,大型ごみ,有料,木製はリユース（再利用）収集対象
カップめんなどの外包装フィルム、具（かやく）・スープの袋,容器包装プラスチック,無料,なし
カップめんなどのふた・容器（紙製）,雑がみ,無料,水ですすいでも汚れが落ちないものは「燃やせるごみ」
カップめんなどのふた・容器（プラ製）,容器包装プラスチック,無料,なし
かつら・つけ毛・ウイッグ,燃やせるごみ,有料,なし
加熱式タバコ,加熱式たばこ・電子たばこ、ライター,無料,なし
かばん（布製・革製・合皮製・ビニール製・プラ製）,燃やせるごみ,有料,金属製は「燃やせないごみ」
画板（木製・プラ製）,燃やせるごみ,有料,なし
画板（木製・プラ製以外）,燃やせないごみ,有料,なし
画びょう,燃やせないごみ,有料,厚紙などで包んで
花びん,燃やせないごみ,有料,なし
壁紙,燃やせるごみ,有料,なし
鎌,燃やせないごみ,有料,刃先を厚紙などで包んで、「キケン」と表示
紙おむつ,燃やせるごみ,有料,汚物をトイレに流して
紙コップ・紙皿,雑がみ,無料,水ですすいでも汚れが落ちないものは「燃やせるごみ」
かみそり,燃やせないごみ,有料,厚紙などで包んで、「キケン」と表示
紙粘土,燃やせるごみ,有料,粘土は「燃やせないごみ」
紙パック（牛乳パック・酒パックなど）,集団資源回収など,-,"できるだけ集団資源回収などへ
やむを得ない場合は「雑がみ」で収集（水ですすいで）
酒パックなどのプラスチック製の ふた は「容器包装プラスチック」"
紙袋,雑がみ,無料,なし
ガムテープ,燃やせるごみ,有料,なし
カメラ,燃やせないごみ,有料,小型家電の無料回収に出すと資源に！
画用紙（絵を描いたもの、工作したものを含む）,雑がみ,無料,なし
カラーコーン,燃やせるごみ,有料,なし
カラーボックス,大型ごみ,有料,なし
からしのチューブ,容器包装プラスチック,無料,中身を使い切って
ガラス・ガラス製品,燃やせないごみ,有料,厚紙などで包んで、「キケン」と表示
ガラスクリーナー,スプレー缶・カセットボンベ,無料,使い切ってプラ製は「容器包装プラスチック」
刈払い機,大型ごみ,有料,"電動式は、小型家電の無料回収に出すと資源に！
エンジン付は販売店へ"
軽石,燃やせないごみ,有料,なし
枯葉,枝・葉・草,無料,収集期間外は「燃やせるごみ」
カレンダー,雑がみ,無料,なし
皮むき器,燃やせないごみ,有料,なし
換気扇,燃やせないごみ,有料,小型家電の無料回収に出すと資源に！
缶切り,燃やせないごみ,有料,なし
緩衝材・梱包材（プラ製）,容器包装プラスチック,無料,なし
乾燥剤,燃やせるごみ,有料,なし
乾電池（筒型）,筒型乾電池,無料,"充電式電池・ボタン電池は、販売店・協力店などの回収箱へ（市が収集しないごみのページ参照）
リチウムコイン電池（型式記号CR、BRの表示があるもの）は、セロハンテープなどでくるんで「燃やせないごみ」へ"
観葉植物,枝・葉・草,無料,収集期間外は「燃やせるごみ」または「大型ごみ」
キーボード（楽器）,大型ごみ,有料,"小型家電の無料回収に出すと資源に！
※木製及び一人で動かすことが困難な製品は、小型家電の無料回収に出せません"
キーボード（パソコン用）,燃やせないごみ,有料,小型家電の無料回収に出すと資源に！
ギター,大型ごみ,有料,なし
キッチンタオル・キッチンペーパー,燃やせるごみ,有料,なし
杵,大型ごみ,有料,なし
木（庭木）の枝・幹・根,枝・葉・草,無料,収集期間外は「燃やせるごみ」または「大型ごみ」
着物,燃やせるごみ,有料,古着の無料回収に出すと資源に！
脚立,大型ごみ,有料,2mまで収集可
キャッシュカード,燃やせるごみ,有料,なし
キャリーバッグ,燃やせるごみ,有料,金属製は「燃やせないごみ」
球根,燃やせるごみ,有料,なし
給湯器,大型ごみ,有料,小型家電の無料回収に出すと資源に！
教科書,集団資源回収など,-,"古紙（新聞・雑誌・ダンボール）の無料回収のページから、集団資源回収や回収拠点のご利用方法をお調べいただけます。
やむを得ない場合は「燃やせるごみ」で収集"
鏡台,大型ごみ,有料,木製はリユース（再利用）収集対象
経机,大型ごみ,有料,木製はリユース（再利用）収集対象
金庫,（備考欄参照）,-,"据置型、手提げ式ともに耐火性能の有無で異なります。
耐火金庫：「市で収集しないもの」です。金属商に相談してください。
耐火性の無い金庫：大きさにより、「燃やせないごみ」、「大型ごみ」"
空気入れ,燃やせないごみ,有料,プラ製は「燃やせるごみ」
空気清浄機,大型ごみ,有料,"小型家電の無料回収に出すと資源に！
※フロン含有製品は、小型家電の無料回収に出せません"
空気清浄機のフィルター,燃やせるごみ,有料,なし
クーラーボックス,大型ごみ,有料,なし
くぎ,燃やせないごみ,有料,袋がやぶれないようガムテープで束ねるなどの工夫を
草,枝・葉・草,無料,収集期間外は「燃やせるごみ」
草刈り機,大型ごみ,有料,"電動式は、小型家電の無料回収に出すと資源に！
エンジン付は販売店へ"
櫛（くし）,燃やせるごみ,有料,金属製は「燃やせないごみ」
串（焼きとり・だんごの竹串など）,燃やせるごみ,有料,袋がやぶれないようガムテープで束ねるなどの工夫を
薬（錠剤・カプセルなど）,燃やせるごみ,有料,なし
薬のチューブ（金属製）,燃やせないごみ,有料,中身を使い切って
薬のチューブ（プラ製）,容器包装プラスチック,無料,中身を使い切って
薬のびん,びん・缶・ペットボトル,無料,金属製のふたは「燃やせないごみ」、プラ製のふたは「容器包装プラスチック」
薬のプラ容器,容器包装プラスチック,無料,なし
薬（錠剤・カプセル）の包装シート,容器包装プラスチック,無料,アルミとプラの複合
果物かご（果物が入って販売されていたもの、プラ製）,容器包装プラスチック,無料,なし
果物の網・ネット,容器包装プラスチック,無料,発泡スチロール製ネットを含む
口紅の容器（プラ製）,容器包装プラスチック,無料,金属製は「燃やせないごみ」
靴（革・合皮）,燃やせるごみ,有料,なし
クッキングヒーター,大型ごみ,有料,小型家電の無料回収に出すと資源に！
靴下,燃やせるごみ,有料,なし
クッション,燃やせるごみ,有料,なし
クッションフロア,大型ごみ,有料,なし
靴墨のチューブ（金属製）,燃やせないごみ,有料,"中身を使い切って
プラ製は「容器包装プラスチック」"
靴の空き箱,雑がみ,無料,なし
靴の中敷き,燃やせるごみ,有料,なし
靴べら,燃やせるごみ,有料,金属製は「燃やせないごみ」
グラスウール,燃やせないごみ,有料,なし
クラッカー（爆竹）,燃やせるごみ,有料,水に浸し、発火しないようにして
クリアファイル,燃やせるごみ,有料,なし
クリップ,燃やせないごみ,有料,なし
グリル鍋,燃やせないごみ,有料,なし
車いす,大型ごみ,有料,バッテリーははずして販売店へ
クレジットカード,燃やせるごみ,有料,なし
クレヨン,燃やせるごみ,有料,なし
クレヨンセットのケース（プラ製）,容器包装プラスチック,無料,紙製は「雑がみ」
グロー球（点灯管）,燃やせないごみ,有料,なし
グローブ（野球用など）,燃やせるごみ,有料,なし
くわ,大型ごみ,有料,なし
軍手,燃やせるごみ,有料,なし
蛍光管,燃やせないごみ,有料,"厚紙などで包んで、「キケン」と表示
割れていないものは、蛍光管の無料回収に出すと資源に！"
蛍光ペン,燃やせるごみ,有料,なし
軽自動車,市で収集しないもの,-,"北海道自動車処理協同組合に相談
（374-8200）"
携帯電話,燃やせないごみ,有料,"販売店に返却すると資源に！無料に！
小型家電の無料回収に出すと資源に！"
携帯用発電機,大型ごみ,有料,エンジン付は販売店へ
毛糸,燃やせるごみ,有料,なし
計量カップ（ガラス・金属製）,燃やせないごみ,有料,なし
計量カップ（プラ製）,燃やせるごみ,有料,なし
ゲートボールのクラブ,燃やせないごみ,有料,木製は「燃やせるごみ」
ケーブル,燃やせないごみ,有料,小型家電の無料回収に出すと資源に！
ゲーム機（テレビゲーム機、携帯ゲーム機など）,燃やせないごみ,有料,小型家電の無料回収に出すと資源に！
ゲームソフト,燃やせるごみ,有料,カセット型は、小型家電の無料回収に出すと資源に！
消しゴム,燃やせるごみ,有料,なし
化粧品携帯ポーチ,燃やせるごみ,有料,なし
化粧品のびん,びん・缶・ペットボトル,無料,マニキュアのびんは「燃やせないごみ」
化粧品のびんのふた（プラ製）,容器包装プラスチック,無料,なし
げた箱,大型ごみ,有料,木製はリユース（再利用）収集対象
ケチャップの容器・チューブ,容器包装プラスチック,無料,中身を使い切って
血圧計,燃やせないごみ,有料,"電子式は、小型家電の無料回収に出すと資源に！
水銀式は、水銀体温計・水銀血圧計・水銀温度計の無料回収に出すと資源に！"
毛抜き,燃やせないごみ,有料,なし
けん引ロープ,燃やせるごみ,有料,なし
けん引ワイヤー,燃やせないごみ,有料,なし
玄関マット（金属製）,大型ごみ,有料,なし
玄関マット（布・ゴム・プラ製）,燃やせるごみ,有料,なし
剣山,燃やせないごみ,有料,厚紙などで包み、袋がやぶれないよう工夫を
鍵盤ハーモニカ,燃やせるごみ,有料,なし
碁石,燃やせないごみ,有料,なし
工具箱（金属製）,燃やせないごみ,有料,なし
工具箱（木製・プラ製）,燃やせるごみ,有料,なし
工具類,燃やせないごみ,有料,スパナ・ドライバー・ペンチなど
香水のびん,びん・缶・ペットボトル,無料,なし
紅茶の缶,びん・缶・ペットボトル,無料,なし
紅茶のティーバッグ,燃やせるごみ,有料,なし
コーキングガン,燃やせないごみ,有料,なし
コークス,燃やせるごみ,有料,水に浸し、発火しないようにして
ゴーグル,燃やせるごみ,有料,なし
コート掛け,大型ごみ,有料,木製はリユース（再利用）収集対象
コードリール,燃やせないごみ,有料,なし
コーヒーがら及びフィルター,燃やせるごみ,有料,なし
コーヒーのびん・缶,びん・缶・ペットボトル,無料,なし
コーヒーのびんのふた（プラ製）,容器包装プラスチック,無料,プラ製以外は「燃やせないごみ」
コーヒーメーカー,燃やせないごみ,有料,小型家電の無料回収に出すと資源に！
コイン電池（型式記号にCR、BRの表示があるもの）,燃やせないごみ,有料,セロハンテープでくるんで
小型船舶,市で収集しないもの,-,FRP船リサイクルセンターに相談（03-3567-6929）
固形燃料,燃やせるごみ,有料,缶のまま出す場合は必ずふたを取る
ござ,大型ごみ,有料,なし
こたつ・こたつ板,大型ごみ,有料,なし
コップ（ガラス製・金属製）,燃やせないごみ,有料,割れ物は厚紙などで包んで、「キケン」と表示
コップ（プラ製）,燃やせるごみ,有料,なし
コップ洗い（ブラシ）,燃やせるごみ,有料,なし
コップ型のびん（日本酒などの）,びん・缶・ペットボトル,無料,なし
子供用自転車,大型ごみ,有料,リユース（再利用）収集対象
粉ミルクの缶,びん・缶・ペットボトル,無料,なし
碁盤,燃やせるごみ,有料,なし
コピー機・印刷機,大型ごみ,有料,重量100kg以下まで
コピー用紙,集団資源回収など,-,"古紙（新聞・雑誌・ダンボール）の無料回収のページから、集団資源回収や回収拠点のご利用方法をお調べいただけます。
やむを得ない場合は「雑がみ」で収集"
ごみ箱（金属製）,燃やせないごみ,有料,なし
ごみ箱（木製・プラ製）,燃やせるごみ,有料,なし
小麦粘土,燃やせるごみ,有料,粘土は「燃やせないごみ」
ゴム手袋,燃やせるごみ,有料,なし
ゴム長靴,燃やせるごみ,有料,なし
ゴムボート（浮輪的な遊戯具）,燃やせるごみ,有料,なし
ゴムボート（底板付きのもの）,大型ごみ,有料,なし
米びつ（ハイザー）,大型ごみ,有料,なし
コルク栓,燃やせるごみ,有料,なし
コルク抜き,燃やせないごみ,有料,厚紙などで包んで、「キケン」と表示
ゴルフシューズ,燃やせるごみ,有料,なし
ゴルフ用具一式,大型ごみ,有料,なし
コンタクトレンズ,燃やせるごみ,有料,なし
コンタクトレンズケース,燃やせるごみ,有料,なし
コンテナボックス（プラ製）,大型ごみ,有料,なし
コンパクトフラッシュ,燃やせないごみ,有料,小型家電の無料回収に出すと資源に！
コンパス,燃やせないごみ,有料,厚紙などで包んで、「キケン」と表示
コンパネ（ベニヤ板）,大型ごみ,有料,なし
コンビニ弁当の容器,容器包装プラスチック,無料,なし
梱包材（プラ製）,容器包装プラスチック,無料,なし
コンポスト容器,大型ごみ,有料,なし
サーキュレーター,燃やせないごみ,有料,小型家電の無料回収に出すと資源に！
サーフボード,大型ごみ,有料,2m以下に切断して／切断出来なければ販売店へ
サイクリングマシーン,大型ごみ,有料,小型家電の無料回収に出すと資源に！／※一人で動かすことが困難な製品は小型家電の無料回収に出せません
座いす,大型ごみ,有料,木製はリユース（再利用）収集対象
在宅医療関係廃棄物,燃やせるごみ,有料,注射針は、かかりつけの病院へ
サイドボード,大型ごみ,有料,木製はリユース（再利用）収集対象
財布,燃やせるごみ,有料,なし
材木類（庭木以外）,燃やせるごみ,有料,なし
サインペン,燃やせるごみ,有料,なし
サウナ（家庭用木製）,大型ごみ,有料,なし
作業用具類,大型ごみ,有料,くわ・スコップ・つるはし・ジョンバ・竹ぼうき・アメリカンレーキなど
作業用台車（ねこ車）,大型ごみ,有料,なし
座卓,大型ごみ,有料,木製はリユース（再利用）収集対象
雑誌,集団資源回収など,-,古紙（新聞・雑誌・ダンボール）の無料回収のページから、集団資源回収や回収拠点のご利用方法をお調べいただけます。／やむを得ない場合は「燃やせるごみ」で収集
座布団,燃やせるごみ,有料,なし
サボテン,枝・葉・草,無料,収集期間外は「燃やせるごみ」または「大型ごみ」
ざる（木製・プラ製）,燃やせるごみ,有料,なし
ざる（木製・プラ製以外）,燃やせないごみ,有料,なし
三角コーナー（金属製）,燃やせないごみ,有料,なし
三角コーナー（プラ製）,燃やせるごみ,有料,なし
三角コーン,燃やせるごみ,有料,なし
三脚,大型ごみ,有料,なし
サングラス（プラ製）,燃やせるごみ,有料,なし
サングラス（プラ製以外）,燃やせないごみ,有料,なし
酸素ボンベ,市で収集しないもの,-,販売店または金属商に相談
サンダル,燃やせるごみ,有料,なし
三輪車（子供用遊具）,大型ごみ,有料,リユース（再利用）収集対象
シーツ・ボアシーツ,燃やせるごみ,有料,綿50％以上の薄手の古布は、古布の無料回収に出すと資源に！
CD（ケースを含む）,燃やせるごみ,有料,なし
CDラジカセ,燃やせないごみ,有料,小型家電の無料回収に出すと資源に！
シール,燃やせるごみ,有料,なし
シール台紙,雑がみ,無料,なし
シェーバー,燃やせないごみ,有料,厚紙などで包んで、「キケン」と表示／電気式は、小型家電の無料回収に出すと資源に！
ジェットヒーター,大型ごみ,有料,なし
歯間ブラシ,燃やせるごみ,有料,なし
辞書,集団資源回収など,-,古紙（新聞・雑誌・ダンボール）の無料回収のページから、集団資源回収や回収拠点のご利用方法をお調べいただけます。／やむを得ない場合は「燃やせるごみ」で収集
下着,燃やせるごみ,有料,綿50％以上の薄手の古布は、古布の無料回収に出すと資源に！
下敷,燃やせるごみ,有料,紙製は「雑がみ」
しちりん,燃やせないごみ,有料,なし
湿度計,燃やせないごみ,有料,電子式は、小型家電の無料回収に出すと資源に！
湿布,燃やせるごみ,有料,なし
湿布の外袋（紙製）,雑がみ,無料,なし
湿布の表面に張られた薄いフィルム,容器包装プラスチック,無料,なし
辞典,集団資源回収など,-,やむを得ず出せない場合は「燃やせるごみ」で収集
自転車,大型ごみ,有料,リユース（再利用）収集対象
自転車のタイヤ・チューブ,燃やせるごみ,有料,なし
自転車の輪（リム）・チェーン,燃やせないごみ,有料,なし
自動車,市で収集しないもの,-,札幌地区自動車解体処理共同組合に相談（871-7555）
自動車シート（座席）,大型ごみ,有料,なし
自動車のワイパー,燃やせないごみ,有料,なし
竹刀,大型ごみ,有料,なし
芝（土のついているもの）,燃やせないごみ,有料,なるべく小袋で／刈芝は「枝・葉・草」
芝刈り機,大型ごみ,有料,エンジン付は販売店へ／電動式は、小型家電の無料回収に出すと資源に！
シャープペンシル,燃やせるごみ,有料,なし
シャープペンシルの芯のケース,容器包装プラスチック,無料,紙製は「雑がみ」
蛇口,燃やせないごみ,有料,なし
写真,雑がみ,無料,なし
写真のネガ,燃やせるごみ,有料,なし
写真フィルムのケース,容器包装プラスチック,無料,なし
ジャッキ,燃やせないごみ,有料,なし
ジャムのびん,びん・缶・ペットボトル,無料,なし
ジャムのびんのフタ（金属製）,燃やせないごみ,有料,なし
車両用ルーフボックス,大型ごみ,有料,なし
ジャングルジム（子供用遊具）,大型ごみ,有料,リユース（再利用）収集対象
シャンプードレッサー,大型ごみ,有料,なし
シャンプーボトル,容器包装プラスチック,無料,なし
週刊誌,集団資源回収など,-,古紙（新聞・雑誌・ダンボール）の無料回収のページから、集団資源回収や回収拠点のご利用方法をお調べいただけます。／やむを得ない場合は「燃やせるごみ」で収集
ジューサー,燃やせないごみ,有料,小型家電の無料回収に出すと資源に！
じゅうたん,大型ごみ,有料,なし
充電器（家庭用）,燃やせないごみ,有料,小型家電の無料回収に出すと資源に！
充電式電池（ニカド電池、ニッケル水素電池、リチウムイオン電池など）,市で収集しないもの,-,※ステーション収集はしていません／JBRC回収協力店などへ（市が収集しないごみのページ参照）
ジュラルミンケース,大型ごみ,有料,なし
シュレッダー,燃やせないごみ,有料,電動式は、小型家電の無料回収に出すと資源に！
瞬間湯沸器,大型ごみ,有料,なし
ジョイントマット,燃やせるごみ,有料,なし
消火器,市で収集しないもの,-,消火器リサイクル推進センター（www.ferpc.jp）又は電話03-5829-6773にて廃棄方法及び引取り場所を紹介してくれます。
定規,燃やせるごみ,有料,金属製は「燃やせないごみ」
将棋盤,燃やせるごみ,有料,なし
障子,大型ごみ,有料,なし
浄水器,燃やせないごみ,有料,電動式は、小型家電の無料回収に出すと資源に！
浄水器カートリッジ（プラ製）,燃やせるごみ,有料,なし
浄水器カートリッジ（金属製）,燃やせないごみ,有料,なし
樟脳（防虫剤）,燃やせるごみ,有料,なし
照明器具（シャンデリア・シーリングライト・スタンド照明など）,大型ごみ,有料,蛍光灯・電球は取り外して／蛍光管が外せない場合はガムテープでとめる／小型家電の無料回収に出すと資源に！
じょうろ（プラ製）,燃やせるごみ,有料,プラ製以外は「燃やせないごみ」
食品トレイ,容器包装プラスチック,無料,なし
食品パックの表面フィルム,容器包装プラスチック,無料,なし
食品保存容器（プラ製）,燃やせるごみ,有料,なし
食用油の缶・びん,燃やせないごみ,有料,油分が完全に洗浄できた場合は「びん・缶・ペットボトル」へ
食用油のプラスチックボトル,容器包装プラスチック,無料,なし
食用油の容器のふた（金属製）,燃やせないごみ,有料,なし
食用油の容器のふた（プラ製）,容器包装プラスチック,無料,なし
除湿器,大型ごみ,有料,小型家電の無料回収に出すと資源に！※フロン含有製品は小型家電の無料回収に出せません
除湿剤の容器,容器包装プラスチック,無料,水を捨て、かすを紙で拭き取る
除雪機（電動式）,大型ごみ,有料,電動式は、小型家電の無料回収に出すと資源に！／エンジン付は販売店へ
食器（ガラス製・陶磁器・金属製）,燃やせないごみ,有料,割れ物は厚紙などで包んで、「キケン」と表示
食器（木製・プラ製）,燃やせるごみ,有料,なし
食器洗い乾燥機・食器乾燥機,大型ごみ,有料,小型家電の無料回収に出すと資源に！
食器棚,大型ごみ,有料,木製はリユース（再利用）収集対象
ショッピングカート,大型ごみ,有料,なし
ジョンバ（シャベル）,大型ごみ,有料,なし
シリカゲル（乾燥剤）,燃やせるごみ,有料,なし
シリコンゴム製品,燃やせるごみ,有料,なし
人工芝,大型ごみ,有料,なし
新聞,集団資源回収など,-,古紙（新聞・雑誌・ダンボール）の無料回収のページから、集団資源回収や回収拠点のご利用方法をお調べいただけます。／やむを得ない場合は「燃やせるごみ」で収集
水槽,燃やせないごみ,有料,プラ製・アクリル製は「燃やせるごみ」
水中メガネ,燃やせるごみ,有料,ガラス製は「燃やせないごみ」
水筒,燃やせないごみ,有料,プラ製は「燃やせるごみ」
炊飯器,燃やせないごみ,有料,小型家電の無料回収に出すと資源に！
スーツ購入時のカバー（プラ製）,容器包装プラスチック,無料,購入したスーツカバーは、「燃やせるごみ」
スーツケース,大型ごみ,有料,なし
スキーウェア,燃やせるごみ,有料,古着の無料回収に出すと資源に！
スキーキャリア（スキーハンガー）,大型ごみ,有料,なし
スキー靴,燃やせるごみ,有料,なし
スキーケース,燃やせるごみ,有料,なし
スキー用具一式（板、ストック）,大型ごみ,有料,なし
すき間収納ケース,大型ごみ,有料,指定ごみ袋に入る場合は「燃やせるごみ」
スキャナー,燃やせないごみ,有料,小型家電の無料回収に出すと資源に！
スケート靴,燃やせないごみ,有料,なし
スケートボード,燃やせないごみ,有料,なし
スコップ,大型ごみ,有料,なし
寿司桶,燃やせるごみ,有料,なし
すずり,燃やせないごみ,有料,なし
すだれ,大型ごみ,有料,なし
スタンプ台（プラ製）,燃やせるごみ,有料,金属製は「燃やせないごみ」
スチール缶（飲料・食品用）,びん・缶・ペットボトル,無料,なし
スチール棚,大型ごみ,有料,なし
ステップマシーン,大型ごみ,有料,なし
ステレオセット,大型ごみ,有料,小型家電の無料回収に出すと資源に！／※木製スピーカーは、小型家電の無料回収に出せません
ストーブ（石油・石炭・まきストーブ）,大型ごみ,有料,石油ストーブは、小型家電の無料回収に出すと資源に！／※必ず灯油を空にして出してください。
ストーブガード,大型ごみ,有料,なし
ストーブ付属品（煙突など）,大型ごみ,有料,なし
ストーマ袋,燃やせるごみ,有料,中身を空け、新聞紙などに包んで
ストッキング,燃やせるごみ,有料,なし
ストロー,燃やせるごみ,有料,なし
ストローの外包装袋（プラ製）,容器包装プラスチック,無料,紙製は「雑がみ」
スニーカー,燃やせるごみ,有料,なし
スノーダンプ,大型ごみ,有料,なし
スノーブラシ,燃やせないごみ,有料,木製・プラ製は「燃やせるごみ」
スノーヘルパー（プラ製）,燃やせるごみ,有料,金属製は「燃やせないごみ」
スノーボード,大型ごみ,有料,なし
すのこ,大型ごみ,有料,なし
スパイクシューズ,燃やせるごみ,有料,なし
スパナ,燃やせないごみ,有料,なし
スピーカー,大型ごみ,有料,小型家電の無料回収に出すと資源に！※木製スピーカーは、小型家電の無料回収に出せません
スピンドルケース,容器包装プラスチック,無料,なし
スプーン（金属製）,燃やせないごみ,有料,なし
スプーン（木製・プラ製）,燃やせるごみ,有料,なし
スプーンの外包装袋（プラ製）,容器包装プラスチック,無料,なし
スプレー缶,スプレー缶・カセットボンベ,無料,使い切って／使いきれない場合の処分方法は、「スプレー缶・カセットボンベ」のページでご確認ください。
すべり台（子供用遊具）,大型ごみ,有料,リユース（再利用）収集対象
スポンジ,燃やせるごみ,有料,なし
ズボンプレッサー,大型ごみ,有料,小型家電の無料回収に出すと資源に！
スマートフォン,燃やせないごみ,有料,小型家電の無料回収に出すと資源に！
炭,燃やせるごみ,有料,水に浸し、発火しないようにして
スライサー,燃やせないごみ,有料,なし
すりこぎ棒,燃やせるごみ,有料,なし
スリッパ,燃やせるごみ,有料,なし
すり鉢,燃やせないごみ,有料,なし
製氷皿,燃やせるごみ,有料,金属製は「燃やせないごみ」
生理用品,燃やせるごみ,有料,なし
石炭,燃やせるごみ,有料,水に浸し、発火しないようにして
石炭ストーブ,大型ごみ,有料,なし
石油ストーブ,大型ごみ,有料,小型家電の無料回収に出すと資源に！※必ず灯油を空にして出してください
石けん入れ（容器として購入したもの）,燃やせるごみ,有料,金属製は「燃やせないごみ」
石膏ボード,燃やせないごみ,有料,なし
接着剤のチューブ（金属製）,燃やせないごみ,有料,中身を使い切って／プラ製は「容器包装プラスチック」
せともの,燃やせないごみ,有料,なし
セメント（水和・硬化済のもの）,燃やせないごみ,有料,なし
セロハンテープ,燃やせるごみ,有料,なし
セロハンテープ台,燃やせるごみ,有料,金属製は「燃やせないごみ」
セロハンテープの芯,雑がみ,無料,なし
線香の箱（紙製）,雑がみ,無料,なし
洗剤の計量カップ・スプーン（プラ製）,燃やせるごみ,有料,金属製は「燃やせないごみ」
洗剤の容器（紙製）,雑がみ,無料,なし
洗剤の容器（プラ製）,容器包装プラスチック,無料,なし
洗車ブラシ,燃やせるごみ,有料,プラ製以外は「燃やせないごみ」
洗濯かご,燃やせるごみ,有料,金属製は「燃やせないごみ」
洗濯機,市で収集しないもの,-,販売店または家電回収協力店へ／詳細は、「テレビ・冷蔵庫・洗濯機・エアコンリサイクル」のページ参照
洗濯機棚,大型ごみ,有料,なし
洗濯ネット,燃やせるごみ,有料,なし
洗濯バサミ,燃やせるごみ,有料,金属製は「燃やせないごみ」
剪定バサミ,燃やせないごみ,有料,刃先を厚紙などで包んで、「キケン」と表示
栓抜き,燃やせないごみ,有料,なし
扇風機,大型ごみ,有料,小型家電の無料回収に出すと資源に！
洗面器（プラ製）,燃やせるごみ,有料,金属製は「燃やせないごみ」
洗面化粧台,大型ごみ,有料,なし
造花（針金入り）,燃やせないごみ,有料,布製・プラ製は「燃やせるごみ」
双眼鏡,燃やせないごみ,有料,なし
ぞうきん,燃やせるごみ,有料,なし
掃除機,燃やせないごみ,有料,小型家電の無料回収に出すと資源に！／バッテリーは取り外して販売店・協力店の回収箱へ（市が収集しないごみのページ参照）
ソファー,大型ごみ,有料,木製はリユース（再利用）収集対象
ソファーベッド,大型ごみ,有料,なし
そり,大型ごみ,有料,なし
体温計,燃やせないごみ,有料,電子式は「小型家電の無料回収」に出すと資源に！／水銀式は「水銀体温計・水銀血圧計・水銀温度計の無料回収」に出すと資源に！
耐火金庫,市で収集しないもの,-,金属商に相談
耐火ボード,燃やせないごみ,有料,なし
体脂肪計,燃やせないごみ,有料,「小型家電の無料回収」に出すと資源に！
体重計,燃やせないごみ,有料,電子式は「小型家電の無料回収」に出すと資源に！
タイヤ,市で収集しないもの,-,廃タイヤ取扱協力指定店へ（ガソリンスタンドなど）
タイヤチェーン(金属製),燃やせないごみ,有料,なし
タイヤチェーン(金属製以外),燃やせるごみ,有料,なし
タイル,燃やせないごみ,有料,なし
タオル,燃やせるごみ,有料,綿50％以上の薄手の古布は「古布の無料回収」に出すと資源に！
タオルケット,燃やせるごみ,有料,綿50％以上の薄手の古布は「古布の無料回収」に出すと資源に！
竹,燃やせるごみ,有料,なし
竹ぼうき,大型ごみ,有料,なし
畳,大型ごみ,有料,なし
多段式プラスチックケース,大型ごみ,有料,指定ごみ袋に入る場合は「燃やせるごみ」
脱衣かご（木製・プラ製）,燃やせるごみ,有料,金属製は「燃やせないごみ」
脱酸素剤（菓子などに入っているもの）,燃やせるごみ,有料,なし
脱脂綿,燃やせるごみ,有料,なし
脱臭剤（冷蔵庫・冷凍庫・室内用など）,燃やせるごみ,有料,なし
楯,燃やせないごみ,有料,木製・プラは「燃やせるごみ」
タバコの外包装フィルム,容器包装プラスチック,無料,なし
タバコの吸い殻,燃やせるごみ,有料,なし
タバコの箱,雑がみ,無料,なし
タバコの箱の中の銀紙,雑がみ,無料,なし
タブレット,燃やせないごみ,有料,「小型家電の無料回収」に出すと資源に！
卵のパック,容器包装プラスチック,無料,紙製は「雑がみ」
たらい（金属製）,燃やせないごみ,有料,なし
たらい（木製・プラ製）,燃やせるごみ,有料,なし
たわし（金属製）,燃やせないごみ,有料,なし
たわし（金属製以外）,燃やせるごみ,有料,なし
炭酸ガスカートリッジ,燃やせないごみ,有料,中身が使い切れない場合は、各製造元（メーカー）または販売店に相談
たんす,大型ごみ,有料,木製はリユース（再利用）収集対象
タンスシート,燃やせるごみ,有料,なし
断熱材(スタイロフォームなど),燃やせるごみ,有料,なし
ダンベル,燃やせないごみ,有料,なし
ダンボール,集団資源回収など,-,古紙（新聞・雑誌・ダンボール）の無料回収ページで回収拠点等を確認。やむを得ない場合や食品汚れなどで汚れが落ちないものは「燃やせるごみ」
チェスト,大型ごみ,有料,木製はリユース（再利用）収集対象
地球儀,燃やせないごみ,有料,なし
チャイルドシート,大型ごみ,有料,なし
茶殻,燃やせるごみ,有料,なし
茶殻入れ,燃やせないごみ,有料,なし
茶こし,燃やせないごみ,有料,なし
茶だんす,大型ごみ,有料,木製はリユース（再利用）収集対象
茶筒（金属製で容器として購入したもの）,燃やせないごみ,有料,なし
茶筒（木製・プラ製で容器として購入したもの）,燃やせるごみ,有料,なし
茶の缶（お茶、茶葉が入って販売されていたもの）,びん・缶・ペットボトル,無料,なし
茶の袋（紙製）,雑がみ,無料,なし
茶の袋（プラ製・アルミ蒸着を含む）,容器包装プラスチック,無料,なし
茶箱,大型ごみ,有料,紙製は解体して「雑がみ」
中華鍋,燃やせないごみ,有料,小物金属類の無料回収に出すと資源に！
注射器,燃やせるごみ,有料,注射針は必ず取り除いて
注射針,市で収集しないもの,-,かかりつけの病院へ
チューナー,燃やせないごみ,有料,小型家電の無料回収に出すと資源に！
チューブ・カテーテル類,燃やせるごみ,有料,なし
彫刻刀,燃やせないごみ,有料,刃先を厚紙などで包んで、「キケン」と表示
調味料のびん,びん・缶・ペットボトル,無料,プラスチック製のふたは「容器包装プラスチック」、それ以外のふたは「燃やせないごみ」
調味料の容器・チューブ（プラ製）,容器包装プラスチック,無料,中身を使い切って
調理台,大型ごみ,有料,システムキッチンなど一体型のものを除く
チラシ,集団資源回収など,-,古紙（新聞・雑誌・ダンボール）の無料回収ページで回収拠点等を確認。やむを得ない場合は「雑がみ」で収集
ちり紙,燃やせるごみ,有料,なし
ちりとり,燃やせるごみ,有料,金属製は「燃やせないごみ」
ついたて,大型ごみ,有料,なし
つえ（金属製）,燃やせないごみ,有料,なし
つえ（木製・プラ製）,燃やせるごみ,有料,なし
机,大型ごみ,有料,木製はリユース（再利用）収集対象
つけ毛（ヘアーエクステンション）,燃やせるごみ,有料,なし
漬け物石,燃やせないごみ,有料,なし
漬け物用樽,大型ごみ,有料,二斗樽（36ℓ）未満は「燃やせるごみ」
土（鉢植えなどから出た少量のもの）,燃やせないごみ,有料,なるべく小袋で
つっぱり棚（プラ製）,燃やせるごみ,有料,金属製は「燃やせないごみ」
つっぱり棒（プラ製）,燃やせるごみ,有料,金属製は「燃やせないごみ」
詰替え品の容器など（プラ製）,容器包装プラスチック,無料,シャンプー・リンスなど
つめ切り,燃やせないごみ,有料,なし
釣り糸・テグス,燃やせるごみ,有料,なし
つりざお,燃やせるごみ,有料,なし
つるはし,大型ごみ,有料,柄を分離し指定ごみ袋に入るものは、柄（木製）は「燃やせるごみ」、刃は厚紙などで包み「キケン」と表示して「燃やせないごみ」
ティッシュペーパー,燃やせるごみ,有料,なし
ティッシュペーパーの箱,雑がみ,無料,なし
DVD（ケースを含む）,燃やせるごみ,有料,なし
DVDプレーヤー,燃やせないごみ,有料,小型家電の無料回収に出すと資源に！
テーブル,大型ごみ,有料,木製はリユース（再利用）収集対象
テーブルクロス,燃やせるごみ,有料,なし
テーブルタップ,燃やせないごみ,有料,小型家電の無料回収に出すと資源に！
テープレコーダー,燃やせないごみ,有料,小型家電の無料回収に出すと資源に！
手おけ（木製・プラ製）,燃やせるごみ,有料,金属製は「燃やせないごみ」
手提げ金庫,燃やせないごみ,有料,耐火性能がある場合は「市で収集しないもの」に該当するため、金属商に相談
デジタルオーディオプレーヤー,燃やせないごみ,有料,小型家電の無料回収に出すと資源に！
手帳,雑がみ,無料,電子手帳は「燃やせないごみ」
鉄アレイ,燃やせないごみ,有料,なし
鉄パイプ・鉄柵類,燃やせないごみ,有料,なし
鉄板,燃やせないごみ,有料,なし
手袋（布・合成皮革製）,燃やせるごみ,有料,古着の無料回収に出すと資源に！
テレビ（ブラウン管・液晶・有機EL・プラズマ式）,市で収集しないもの,-,販売店または家電回収協力店へ。詳細は「テレビ・冷蔵庫・洗濯機・エアコンリサイクル」ページ参照
テレビゲーム機,燃やせないごみ,有料,小型家電の無料回収に出すと資源に！
テレビ台,大型ごみ,有料,木製はリユース（再利用）収集対象
テレホンカード,燃やせるごみ,有料,なし
電気ストーブ,燃やせないごみ,有料,小型家電の無料回収に出すと資源に！
電気シェーバー,燃やせないごみ,有料,小型家電の無料回収に出すと資源に！
電気毛布,燃やせないごみ,有料,なし
電球,燃やせないごみ,有料,厚紙などで包んで、「キケン」と表示
電子オルガン,大型ごみ,有料,小型家電の無料回収に出すと資源に！※木製及び一人で動かすことが困難な製品は、小型家電の無料回収に出せません
電子辞書,燃やせないごみ,有料,小型家電の無料回収に出すと資源に！
電子たばこ（加熱式たばこ）,加熱式たばこ・電子たばこ、ライター,無料,なし
電磁調理器,大型ごみ,有料,小型家電の無料回収に出すと資源に！
電子手帳,燃やせないごみ,有料,小型家電の無料回収に出すと資源に！
電子ピアノ,大型ごみ,有料,小型家電の無料回収に出すと資源に！※木製又は一人で動かすことが困難な製品は出せません／ピアノは販売店に相談
電子レンジ,大型ごみ,有料,指定ごみ袋に入る場合は「燃やせないごみ」／小型家電の無料回収に出すと資源に！
電子レンジ台,大型ごみ,有料,木製はリユース（再利用）収集対象
電卓,燃やせないごみ,有料,小型家電の無料回収に出すと資源に！
電池,（備考欄参照）,-,種類により異なります（乾電池（筒型）／充電式電池（ニカド電池・ニッケル水素電池・リチウムイオン電池）／ボタン電池／リチウムコイン電池 を参照）
点滴バッグ,容器包装プラスチック,無料,中身は使い切って。チューブは切りはなして「燃やせるごみ」へ／詳細は「家庭から出る医療系ビニールバッグの分別の仕方」参照
テント,大型ごみ,有料,なし
電動式ランニングマシーン,大型ごみ,有料,小型家電の無料回収に出すと資源に！※一人で動かすことが困難な製品は、小型家電の無料回収に出せません
電動歯ブラシ,燃やせないごみ,有料,小型家電の無料回収に出すと資源に！
電話機,燃やせないごみ,有料,小型家電の無料回収に出すと資源に！
電話台,大型ごみ,有料,木製はリユース（再利用）収集対象
電話帳,集団資源回収など,-,古紙（新聞・雑誌・ダンボール）の無料回収ページで回収拠点等を確認。やむを得ない場合は「雑がみ」で収集
ドア,大型ごみ,有料,鋼鉄製は金属商へ
砥石,燃やせないごみ,有料,なし
トイレタンク,大型ごみ,有料,なし
トイレットペーパーの芯,雑がみ,無料,なし
トイレブラシ,燃やせるごみ,有料,なし
陶磁器,燃やせないごみ,有料,なし
透析バッグ,容器包装プラスチック,無料,中身は使い切って、チューブは切りはなして「燃やせるごみ」
豆腐のパック,容器包装プラスチック,無料,なし
灯油タンク,大型ごみ,有料,90ℓを超えるものは金属商へ相談。ポリタンクは「燃やせるごみ」
トースター,燃やせないごみ,有料,小型家電の無料回収に出すと資源に！
土管・U字溝,大型ごみ,有料,なし
時計,燃やせないごみ,有料,小型家電の無料回収に出すと資源に！※木製の時計は小型家電の無料回収に出せません
戸棚,大型ごみ,有料,木製はリユース（再利用）収集対象
トタン板,大型ごみ,有料,なし
トナーカートリッジ,燃やせるごみ,有料,なし
ドライバー,燃やせないごみ,有料,電動式は小型家電の無料回収に出すと資源に！
ドライヤー,燃やせないごみ,有料,小型家電の無料回収に出すと資源に！
ドラム缶,市で収集しないもの,-,金属商に相談
ドラムセット,大型ごみ,有料,なし
鶏がら（骨）,燃やせるごみ,有料,なし
ドリッパー,燃やせないごみ,有料,プラ製は「燃やせるごみ」
塗料（液体の状態）,市で収集しないもの,-,販売店に相談。布や紙にしみ込ませた場合は「燃やせるごみ」に出せます。
塗料の缶,燃やせないごみ,有料,中身を使い切って
塗料のスプレー,スプレー缶・カセットボンベ,無料,使い切って。使いきれない場合の処分方法は「スプレー缶・カセットボンベ」ページで確認
ドリル（電動・手動）,燃やせないごみ,有料,電動式は小型家電の無料回収に出すと資源に！※必ず刃を取り外して出してください
ドリルの刃,燃やせないごみ,有料,厚紙などで包んで
ドリンクびん,びん・缶・ペットボトル,無料,ふた（金属製）は「燃やせないごみ」
ドレッシングのびん（ノンオイル）,びん・缶・ペットボトル,無料,なし
ドレッシングのびん（ノンオイル以外）,燃やせないごみ,有料,油分が完全に洗浄できた場合は「びん・缶・ペットボトル」へ
ドレッシングの容器（プラマークがついているもの）,容器包装プラスチック,無料,なし
ドレッシングの容器（ペットマークがついているもの）,びん・缶・ペットボトル,無料,なし
泥（庭そうじなどで集めたもの）,燃やせないごみ,有料,なるべく小袋で
トロフィー,燃やせないごみ,有料,木製・プラ製は「燃やせるごみ」
ナイフ,燃やせないごみ,有料,刃先を厚紙などで包んで、「キケン」と表示
苗木のプラ製ポット,容器包装プラスチック,無料,なし
長靴,燃やせるごみ,有料,なし
流し台,大型ごみ,有料,システムキッチンなど一体型のものを除く
なた,燃やせないごみ,有料,厚紙などで包んで、「キケン」と表示
納豆の容器（プラ製）,容器包装プラスチック,無料,"水ですすいで
わら製は「燃やせるごみ」"
鍋,燃やせないごみ,有料,小物金属類の無料回収に出すと資源に！
生花,枝・葉・草,無料,収集期間外は「燃やせるごみ」
縄跳び紐,燃やせるごみ,有料,なし
乳酸菌飲料の容器・ふた（プラ製）,容器包装プラスチック,無料,なし
乳酸菌飲料の容器のふた（アルミ製）,燃やせるごみ,有料,なし
入浴剤の缶,燃やせないごみ,有料,なし
入浴剤の容器（プラ製）,容器包装プラスチック,無料,紙製は「雑がみ」
ぬいぐるみ・あみぐるみ,燃やせるごみ,有料,なし
ネクタイ,燃やせるごみ,有料,古着の無料回収に出すと資源に！
ネックレス,燃やせないごみ,有料,木製・革製・プラ製は「燃やせるごみ」
ネットパネル,大型ごみ,有料,なし
寝袋（シュラフ）,燃やせるごみ,有料,なし
粘土,燃やせないごみ,有料,紙・小麦粘土は「燃やせるごみ」
農薬,市で収集しないもの,-,メーカー等に相談
ノート,集団資源回収など,-,"古紙（新聞・雑誌・ダンボール）の無料回収のページから、集団資源回収や回収拠点のご利用方法を確認。
やむを得ない場合は「雑がみ」で収集"
ノートパソコン,市で収集しないもの,-,メーカーに回収申し込みなど。詳細は「パソコンリサイクル」のページ参照
のこぎり,燃やせないごみ,有料,刃先を厚紙などで包んで、「キケン」と表示
ノミ,燃やせないごみ,有料,刃先を厚紙などで包んで、「キケン」と表示
のりの缶・のりの佃煮のびん,びん・缶・ペットボトル,無料,なし
のりの佃煮のびんのふた（金属製）,燃やせないごみ,有料,なし
のりの容器（工作用）,容器包装プラスチック,無料,中身を使い切って
パークゴルフのクラブ,燃やせないごみ,有料,木製は燃やせるごみ
バーベキューコンロ,大型ごみ,有料,なし
バーベル（バーと重りが一体）,大型ごみ,有料,なし
バーベルの重りのみ,燃やせないごみ,有料,なし
ハイザー（米びつ）,大型ごみ,有料,なし
排尿バッグ,燃やせるごみ,有料,汚物をトイレに流して
パイプハンガー,大型ごみ,有料,なし
廃油,市で収集しないもの,-,販売店に相談
バインダー（紙製）,雑がみ,無料,なし
バインダー（プラ製）,燃やせるごみ,有料,なし
ハエたたき,燃やせるごみ,有料,金属製は「燃やせないごみ」
はがき,雑がみ,無料,なし
はかり（台所ばかり）,燃やせないごみ,有料,電子式は、小型家電の無料回収に出すと資源に！
はく製,燃やせるごみ,有料,なし
ハケ（塗装用など）,燃やせるごみ,有料,なし
バケツ,燃やせるごみ,有料,金属製は「燃やせないごみ」
ハサミ,燃やせないごみ,有料,厚紙などで包んで、「キケン」と表示
箸,燃やせるごみ,有料,金属製は「燃やせないごみ」
はしご,大型ごみ,有料,2mまで収集可。2ⅿ以下に切断できなければ販売店へ相談
バスタオル,燃やせるごみ,有料,"綿50％以上の薄手の古布は、古布の無料回収に出すと資源に！
パソコン（パソコン用ディスプレイを含む）
市で収集しないもの
-
メーカーに回収申し込みなど。詳細は、「パソコンリサイクル」のページ参照"
パソコンキーボード,燃やせないごみ,有料,小型家電の無料回収に出すと資源に！
パソコンラック,大型ごみ,有料,木製はリユース（再利用）収集対象
バターの箱（紙製）,雑がみ,無料,なし
バターが入って販売されていた容器（プラ製）,容器包装プラスチック,無料,金属製は「燃やせないごみ」
ハタキ,燃やせるごみ,有料,なし
発煙筒,燃やせるごみ,有料,水に浸し、発火しないようにして
バッテリー,市で収集しないもの,-,販売店へ相談
バット（金属製）,燃やせないごみ,有料,なし
バット（木製）,燃やせるごみ,有料,なし
発泡スチロール（緩衝材など）,容器包装プラスチック,無料,なし
花,枝・葉・草,無料,収集期間外は「燃やせるごみ」
花火,燃やせるごみ,有料,水に浸し、発火しないようにして
パネルヒーター,大型ごみ,有料,小型家電の無料回収に出すと資源に！
パフ（化粧用）,燃やせるごみ,有料,なし
歯ブラシ,燃やせるごみ,有料,"電動式は燃やせないごみ
電動式は、小型家電の無料回収に出すと資源に！"
歯磨き粉のチューブ,容器包装プラスチック,無料,中身を使い切って
針（裁縫用など）,燃やせないごみ,有料,厚紙などで包んで
針金,燃やせないごみ,有料,なし
ハンガー（金属製）,燃やせないごみ,有料,なし
ハンガー（木製・プラ製）,燃やせるごみ,有料,なし
ハンカチ,燃やせるごみ,有料,綿50％以上の薄手の古布は、古布の無料回収に出すと資源に！
飯ごう,燃やせないごみ,有料,なし
半紙（文字を書いてあるものも含む）,雑がみ,無料,なし
ばんそうこう,燃やせるごみ,有料,なし
はんだ・はんだごて,燃やせないごみ,有料,なし
パンチ（穴あけ）,燃やせないごみ,有料,なし
バンド（プラ製）,燃やせるごみ,有料,なし
パンフレット,集団資源回収など,-,"古紙（新聞・雑誌・ダンボール）の無料回収のページから、集団資源回収や回収拠点のご利用方法をお調べいただけます。
やむを得ない場合は「雑がみ」で収集"
ピアノ,市で収集しないもの,-,販売店に相談
ビーチパラソル,大型ごみ,有料,なし
ビールケース,大型ごみ,有料,販売店に返すと無料に！
ビールびん,びん・缶・ペットボトル,無料,リターナブル（リユース）びんの無料回収に出すと、より環境負荷の小さい再利用（リユース）に！
ビールびんのふた,燃やせないごみ,有料,なし
ビデオカメラ,燃やせないごみ,有料,小型家電の無料回収に出すと資源に！
ビデオテープ（ケースを含む）,燃やせるごみ,有料,なし
ビデオデッキ,燃やせないごみ,有料,小型家電の無料回収に出すと資源に！
ひな人形,燃やせるごみ,有料,なし
ひな人形セット(ひな段を含む),大型ごみ,有料,なし
ビニールテープ,燃やせるごみ,有料,なし
ビニール手袋,燃やせるごみ,有料,なし
火バサミ,燃やせないごみ,有料,なし
ひも（紙）,雑がみ,無料,なし
ひも（プラ製）,燃やせるごみ,有料,なし
肥料,燃やせるごみ,有料,なし
肥料袋（プラ製）,容器包装プラスチック,無料,紙製は「雑がみ」
びん（食品保存用のびん製品など）,燃やせないごみ,有料,なし
びん（ジャム、佃煮などが入って販売されていたもの）,びん・缶・ペットボトル,無料,油分が完全に洗浄できない場合は「燃やせないごみ」へ
びんのふた（プラ製）,容器包装プラスチック,無料,なし
びんのふた（金属製）,燃やせないごみ,有料,なし
便箋,雑がみ,無料,なし
ファクシミリ,燃やせないごみ,有料,小型家電の無料回収に出すと資源に！
ファンデーションのコンパクト,燃やせるごみ,有料,なし
ファンヒーター,大型ごみ,有料,小型家電の無料回収に出すと資源に！
ブースターケーブル（自動車用品）,燃やせないごみ,有料,小型家電の無料回収に出すと資源に！
風船,燃やせるごみ,有料,なし
封筒,雑がみ,無料,なし
プール（ビニール製遊具）,燃やせるごみ,有料,なし
フォーク（金属製）,燃やせないごみ,有料,なし
フォーク（木製・プラ製）,燃やせるごみ,有料,なし
フォークの外包装袋（プラ製）,容器包装プラスチック,無料,なし
ふきん,燃やせるごみ,有料,なし
不織布,燃やせるごみ,有料,なし
ふすま,大型ごみ,有料,なし
豚がら（骨）,燃やせるごみ,有料,なし
ブックカバー,雑がみ,無料,紙製以外は「燃やせるごみ」
仏壇,大型ごみ,有料,なし
筆箱,燃やせるごみ,有料,金属製は「燃やせないごみ」
布団,大型ごみ,有料,"大型ごみで出す場合、布団類3枚まで1組として出すことが可（布団類：掛・敷布団・電気毛布）
指定ごみ袋に入る場合は「燃やせるごみ」"
布団カバー,燃やせるごみ,有料,なし
布団乾燥機,燃やせないごみ,有料,小型家電の無料回収に出すと資源に！
布団たたき,燃やせるごみ,有料,金属製は「燃やせないごみ」
布団袋,燃やせるごみ,有料,なし
フライ返し,燃やせないごみ,有料,プラ製は「燃やせるごみ」
フライパン,燃やせないごみ,有料,小物金属類の無料回収に出すと資源に！
ブラインド,大型ごみ,有料,なし
プラグ（自動車用品）,燃やせないごみ,有料,なし
ぶら下がり健康器,大型ごみ,有料,なし
ブラシ,燃やせるごみ,有料,金属製は「燃やせないごみ」
プラスチック製収納箱（衣装ケース等）,大型ごみ,有料,指定ごみ袋に入る場合は「燃やせるごみ」
プラ手袋（在宅医療関係の道具）,燃やせるごみ,有料,なし
プラモデル,燃やせるごみ,有料,なし
フラワースタンド,大型ごみ,有料,なし
ブランコ（子供用遊具）,大型ごみ,有料,リユース（再利用）収集対象
プランター（プラ製・木製）,燃やせるごみ,有料,金属製は「燃やせないごみ」
フリーペーパー（無料で配られている冊子類）,集団資源回収など,-,"古紙（新聞・雑誌・ダンボール）の無料回収のページから、集団資源回収や回収拠点のご利用方法をお調べいただけます。
やむを得ない場合は「雑がみ」で収集"
プリンタ,燃やせないごみ,有料,小型家電の無料回収に出すと資源に！
プリンのびん,びん・缶・ペットボトル,無料,なし
プリンの容器・ふた（紙製）,雑がみ,無料,水ですすいでも汚れが落ちないものは「燃やせるごみ」
プリンの容器・ふた（プラ製）,容器包装プラスチック,無料,なし
ブルーシート,燃やせるごみ,有料,なし
風呂いす,燃やせるごみ,有料,なし
風呂釜,大型ごみ,有料,なし
ブロック,燃やせないごみ,有料,なるべく小袋で
フロッピーディスク（ケースを含む）,燃やせるごみ,有料,なし
風呂のふた,大型ごみ,有料,なし
風呂のマット,燃やせるごみ,有料,なし
プロパンガスボンベ,市で収集しないもの,-,北海道LPガス協会石狩支部に相談（812-6414）
文化焚きつけ,燃やせるごみ,有料,水に浸し、発火しないようにして
ぶんちん,燃やせないごみ,有料,なし
文机,大型ごみ,有料,木製はリユース（再利用）収集対象
噴霧器（プラ製）,燃やせるごみ,有料,なし
ヘアスプレー,スプレー缶・カセットボンベ,無料,使い切って
ヘアスプレーのキャップ（プラ製）,容器包装プラスチック,無料,なし
ヘアピン,燃やせないごみ,有料,なし
ペール缶（エンジンオイル用）,燃やせないごみ,有料,なし
ベッド,大型ごみ,有料,ベッドマットレスは別扱いで「大型ごみ」
ペットの運搬ケース（ケージ）,大型ごみ,有料,なし
ペットの小屋,大型ごみ,有料,なし
ペットの死体（飼い主不明）,市で収集しないもの,-,清掃事務所へご連絡を
ペットのトイレシート,燃やせるごみ,有料,なし
ペットのトイレ砂,燃やせるごみ,有料,なし
ペットの糞,燃やせるごみ,有料,袋を二重にするなど、飛散防止措置をして
ペットボトル,びん・缶・ペットボトル,無料,ふた・ラベルは「容器包装プラスチック」
ヘッドホン,燃やせないごみ,有料,小型家電の無料回収に出すと資源に！
ベッドマットレス,大型ごみ,有料,なし
ベニヤ板,大型ごみ,有料,なし
ベビーカー,大型ごみ,有料,リユース（再利用）収集対象
ベビーサークル,大型ごみ,有料,リユース（再利用）収集対象
ベビーだんす,大型ごみ,有料,木製はリユース（再利用）収集対象
ベビーチェア,大型ごみ,有料,木製はリユース（再利用）収集対象
ベビーバス,大型ごみ,有料,なし
ベビーベッド,大型ごみ,有料,なし
ベビー用手押し車,大型ごみ,有料,リユース（再利用）収集対象
ベルト,燃やせるごみ,有料,金属製は「燃やせないごみ」
ヘルメット,燃やせるごみ,有料,なし
便器（和・洋）,大型ごみ,有料,なし
ペンキの缶,燃やせないごみ,有料,中身を使い切って
ペンキのスプレー,スプレー缶・カセットボンベ,無料,使い切って
便座,燃やせるごみ,有料,温水洗浄機付便座、暖房便座は「燃やせないごみ」（小型家電の無料回収には出せません。）
ベンチ,大型ごみ,有料,なし
ペンチ,燃やせないごみ,有料,なし
弁当箱,燃やせるごみ,有料,金属製は「燃やせないごみ」
ホイールキャップ（プラ製）,燃やせるごみ,有料,金属製は「燃やせないごみ」
ほうき,燃やせるごみ,有料,"金属製は「燃やせないごみ」
竹ぼうきなど、長柄のものは「大型ごみ」"
帽子,燃やせるごみ,有料,古着の無料回収に出すと資源に！
防虫剤,燃やせるごみ,有料,なし
包丁,燃やせないごみ,有料,刃先を厚紙などで包んで、「キケン」と表示
ボウリングの玉,燃やせないごみ,有料,なし
ボウル（木製・プラ製）,燃やせるごみ,有料,なし
ボウル（木製・プラ製以外）,燃やせないごみ,有料,なし
ホース,燃やせるごみ,有料,なし
ホースリール台,大型ごみ,有料,なし
ポータブルテレビ（電源として一次電池又は蓄電池を使用する液晶テレビ）,燃やせないごみ,有料,なし
ポータブル冷蔵庫,市で収集しないもの,-,"販売店または家電回収協力店へ
詳細は、「テレビ・冷蔵庫・洗濯機・エアコンリサイクル」のページ参照"
ホームタンク（屋外用、90ℓを超えるもの）,市で収集しないもの,-,金属商に相談
ホームベーカリー,燃やせないごみ,有料,小型家電の無料回収に出すと資源に！
ホームラック,大型ごみ,有料,木製はリユース（再利用）収集対象
ボール（ゴルフ、サッカー、卓球、テニス、野球、ゲートボール、パークゴルフなど）,燃やせるごみ,有料,なし
ボールペン・ボールペンの芯,燃やせるごみ,有料,なし
木刀,大型ごみ,有料,なし
ポケットティッシュの個袋,容器包装プラスチック,無料,なし
歩行器（子供用遊具）,大型ごみ,有料,リユース（再利用）収集対象
補助便座,燃やせるごみ,有料,プラ製以外は「燃やせないごみ」
ボタン,燃やせるごみ,有料,金属製は「燃やせないごみ」
ボタン電池,市で収集しないもの,-,販売店・協力店の回収箱へ（市が収集しないごみのページ参照）
ホッチキス・ステープラ,燃やせないごみ,有料,なし
ポット,燃やせないごみ,有料,電気ポットは、小型家電の無料回収に出すと資源に！
ホットカーペット,燃やせないごみ,有料,なし
ホットプレート,燃やせないごみ,有料,小型家電の無料回収に出すと資源に！
ボディブラシ,燃やせるごみ,有料,なし
ほ乳びん（ガラス製）,燃やせないごみ,有料,なし
ほ乳びん（プラ製）,燃やせるごみ,有料,なし
ポリタンク,燃やせるごみ,有料,なし
ポリ袋,容器包装プラスチック,無料,なし
保冷剤,燃やせるごみ,有料,なし
本,集団資源回収など,-,"古紙（新聞・雑誌・ダンボール）の無料回収のページから、集団資源回収や回収拠点のご利用方法をお調べいただけます。
やむを得ない場合は「燃やせるごみ」で収集"
本立て（ブックエンド）,燃やせないごみ,有料,木製・プラ製は「燃やせるごみ」
本棚,大型ごみ,有料,木製はリユース（再利用）収集対象
ポンプ（ポリタンクから灯油・水などを汲むもの、プラ製）,燃やせるごみ,有料,電動式は、小型家電の無料回収に出すと資源に！
マーカーペン,燃やせるごみ,有料,なし
マーガリンの箱（紙製）,雑がみ,無料,なし
マーガリンの容器（プラ製）,容器包装プラスチック,無料,なし
麻雀卓,大型ごみ,有料,なし
麻雀牌セット,燃やせるごみ,有料,なし
麻雀マット,燃やせるごみ,有料,なし
マイク,燃やせないごみ,有料,小型家電の無料回収に出すと資源に！
マイクロビーズ,燃やせるごみ,有料,なし
マウス（パソコン用）,燃やせないごみ,有料,小型家電の無料回収に出すと資源に！
マウスパッド,燃やせるごみ,有料,紙製は「雑がみ」
まきストーブ,大型ごみ,有料,なし
マグネット（クリップ・フックなど）,燃やせないごみ,有料,なし
まくら,燃やせるごみ,有料,なし
まくらカバー,燃やせるごみ,有料,なし
枕木,大型ごみ,有料,なし
間仕切りスクリーン,大型ごみ,有料,なし
マジックペン,燃やせるごみ,有料,なし
マッサージ器具（電動式）,燃やせないごみ,有料,小型家電の無料回収に出すと資源に！
マッサージチェア,大型ごみ,有料,なし
マッチ,燃やせるごみ,有料,水に浸し、発火しないようにして
マットレス,大型ごみ,有料,なし
まな板（木製・プラ製）,燃やせるごみ,有料,なし
まな板（木製・プラ製以外）,燃やせないごみ,有料,なし
マニキュアのびん,燃やせないごみ,有料,なし
マネキンの頭部（プラ製）,燃やせるごみ,有料,金属製は「燃やせないごみ」
まほうびん,燃やせないごみ,有料,なし
マヨネーズのチューブ,容器包装プラスチック,無料,中身を使い切って
丸太,大型ごみ,有料,なし
ミキサー,燃やせないごみ,有料,小型家電の無料回収に出すと資源に！
ミシン,燃やせないごみ,有料,"小型家電の無料回収に出すと資源に！
収納式腰掛け用は「大型ごみ」"
水切りかご（金属製）,燃やせないごみ,有料,なし
水切りかご（プラ製）,燃やせるごみ,有料,なし
水まくら,燃やせるごみ,有料,なし
ミニコンポ,燃やせないごみ,有料,小型家電の無料回収に出すと資源に！
耳かき,燃やせるごみ,有料,金属製は「燃やせないごみ」
虫かご,燃やせるごみ,有料,なし
虫ピン,燃やせないごみ,有料,厚紙などで包んで、「キケン」と表示
虫めがね,燃やせないごみ,有料,なし
むしろ,燃やせるごみ,有料,なし
名刺,雑がみ,無料,紙製以外は「燃やせるごみ」
眼鏡,燃やせないごみ,有料,プラ製は「燃やせるごみ」
眼鏡ケース,燃やせるごみ,有料,金属製は「燃やせないごみ」
目薬に付属の携帯ケース,容器包装プラスチック,無料,なし
目薬の容器,容器包装プラスチック,無料,なし
面（剣道・フェンシング）,燃やせないごみ,有料,なし
綿棒,燃やせるごみ,有料,なし
麺棒,燃やせるごみ,有料,なし
毛布,燃やせるごみ,有料,地区リサイクルセンターに出すと資源に！無料に！（※二重の毛布は対象外）
木馬（子供用遊具）,大型ごみ,有料,リサイクル（リユース）収集対象
餅つき機,燃やせないごみ,有料,小型家電の無料回収に出すと資源に！
モップ,大型ごみ,有料,ハンディモップは「燃やせるごみ」
物置,大型ごみ,有料,なし
物干し（室内用）,大型ごみ,有料,なし
物干しざお,大型ごみ,有料,なし
物干し台（台付きのもの・支柱のみ）,大型ごみ,有料,なし
物干し台（台のみ）,燃やせないごみ,有料,なし
モバイルバッテリー,市で収集しないもの,-,JBRC回収協力店などへ（市が収集しないごみのページ参照）
モルタル（水和・硬化済のもの）,燃やせないごみ,有料,なし
やかん,燃やせないごみ,有料,小物金属類の無料回収に出すと資源に！
野菜などの結束用テープ,燃やせるごみ,有料,なし
野菜の網・ネット,容器包装プラスチック,無料,発泡スチロール製ネットを含む
やすり,燃やせないごみ,有料,紙やすりは「燃やせるごみ」
USBメモリ,燃やせないごみ,有料,小型家電の無料回収に出すと資源に！
融雪機,大型ごみ,有料,長さ2m以下、重量100kg以下まで
融雪剤,燃やせないごみ,有料,なし
床暖房パネル,大型ごみ,有料,なし
湯たんぽ（プラ製）,燃やせるごみ,有料,金属製は「燃やせないごみ」
湯沸器,大型ごみ,有料,小型家電の無料回収に出すと資源に！
洋服購入時のカバー(プラ製),容器包装プラスチック,無料,購入したものは、「燃やせるごみ」
ヨーグルトの容器・ふた（紙製）,雑がみ,無料,水ですすいでも汚れが落ちないものは「燃やせるごみ」
ヨーグルトの容器・ふた（プラ製）,容器包装プラスチック,無料,なし
ヨーグルトのふた（アルミ製）,燃やせるごみ,有料,なし
ヨーグルトのびん,びん・缶・ペットボトル,無料,なし
浴槽（ステンレス・ホ-ロー・FRP製）,大型ごみ,有料,なし
ライター（使い捨てを含む）,加熱式たばこ・電子たばこ、ライター,無料,"完全に使い切って
使いきれない場合の処分方法は「加熱式たばこ・電子たばこ、ライター」のページでご確認ください。"
ラグマット,大型ごみ,有料,なし
ラケット（金属製）,燃やせないごみ,有料,なし
ラケット（金属製以外）,燃やせるごみ,有料,なし
ラジオ,燃やせないごみ,有料,小型家電の無料回収に出すと資源に！
ラジカセ,燃やせないごみ,有料,小型家電の無料回収に出すと資源に！
ラッピングフィルム（包装用）,容器包装プラスチック,無料,なし
ラップ,容器包装プラスチック,無料,なし
ラップの箱・芯,雑がみ,無料,なし
ランタン（ランプ）,燃やせないごみ,有料,なし
ランドセル,燃やせるごみ,有料,なし
リール（釣り具）,燃やせないごみ,有料,なし
リチウムコイン電池（型式番号CR、BRの表示があるもの）,燃やせないごみ,有料,セロハンテープなどでくるんで
リップクリームの容器(プラ製),容器包装プラスチック,無料,なし
リビングボード,大型ごみ,有料,木製はリユース（再利用）収集対象
リモコン,燃やせないごみ,有料,小型家電の無料回収に出すと資源に！
リュックサック,燃やせるごみ,有料,なし
ルーター,燃やせないごみ,有料,小型家電の無料回収に出すと資源に！
ルーペ,燃やせないごみ,有料,なし
冷却まくら,燃やせるごみ,有料,なし
冷水器,大型ごみ,有料,小型家電の無料回収に出すと資源に！※フロン含有製品は、小型家電の無料回収に出せません
冷蔵庫・冷凍庫・冷凍冷蔵庫,市で収集しないもの,-,"販売店または家電回収協力店へ
詳細は、「テレビ・冷蔵庫・洗濯機・エアコンリサイクル」のページ参照"
冷風扇・冷風機（スポットクーラー）,燃やせないごみ,有料,小型家電の無料回収に出すと資源に！※フロン含有製品は小型家電の無料回収に出せません
レインコート,燃やせるごみ,有料,古着の無料回収に出すと資源に！
レコード,燃やせるごみ,有料,なし
レコードのジャケット,雑がみ,無料,なし
レコードプレーヤー,大型ごみ,有料,小型家電の無料回収に出すと資源に！
レシート,雑がみ,無料,なし
レジ袋,容器包装プラスチック,無料,なし
レジャーシート,燃やせるごみ,有料,なし
レトルト食品パック（カレーなど）,容器包装プラスチック,無料,水で軽くすすいで
レンガ,燃やせないごみ,有料,なるべく小袋で
レンジガード（アルミ箔製）,燃やせるごみ,有料,なし
レンジガード（アルミ箔製以外）,燃やせないごみ,有料,なし
レンジ台,大型ごみ,有料,木製はリユース（再利用）収集対象
レンジフード,大型ごみ,有料,なし
ろうそく,燃やせるごみ,有料,なし
ロープ（麻製・プラ製）,燃やせるごみ,有料,なし
ローボード,大型ごみ,有料,木製はリユース（再利用）収集対象
ローラースケート,燃やせるごみ,有料,なし
ロッカー,大型ごみ,有料,木製はリユース（再利用）収集対象
ワープロ,燃やせないごみ,有料,小型家電の無料回収に出すと資源に！
ワイシャツ,燃やせるごみ,有料,古着の無料回収に出すと資源に！
ワイヤーロープ,燃やせないごみ,有料,なし
ワイン庫（ワインセラー）,市で収集しないもの,-,"販売店または家電回収協力店へ
詳細は「テレビ・冷蔵庫・洗濯機・エアコンリサイクル」のページ参照"
輪ゴム,燃やせるごみ,有料,なし
ワゴン,大型ごみ,有料,木製はリユース（再利用）収集対象
わさびのチューブ,容器包装プラスチック,無料,中身を使い切って
割り箸,燃やせるごみ,有料,なし
